#
# There is insufficient memory for the Java Runtime Environment to continue.
# Native memory allocation (mmap) failed to map 335544320 bytes. Error detail: G1 virtual space
# Possible reasons:
#   The system is out of physical RAM or swap space
#   This process is running with CompressedOops enabled, and the Java Heap may be blocking the growth of the native heap
# Possible solutions:
#   Reduce memory load on the system
#   Increase physical memory or swap space
#   Check if swap backing store is full
#   Decrease Java heap size (-Xmx/-Xms)
#   Decrease number of Java threads
#   Decrease Java thread stack sizes (-Xss)
#   Set larger code cache with -XX:ReservedCodeCacheSize=
#   JVM is running with Zero Based Compressed Oops mode in which the Java heap is
#     placed in the first 32GB address space. The Java Heap base address is the
#     maximum limit for the native heap growth. Please use -XX:HeapBaseMinAddress
#     to set the Java Heap base and to place the Java Heap above 32GB virtual address.
# This output file may be truncated or incomplete.
#
#  Out of Memory Error (os_windows.cpp:3925), pid=27552, tid=24724
#
# JRE version: OpenJDK Runtime Environment (21.0.8) (build 21.0.8+-14196175-b1038.72)
# Java VM: OpenJDK 64-Bit Server VM (21.0.8+-14196175-b1038.72, mixed mode, tiered, compressed oops, compressed class ptrs, g1 gc, windows-amd64)
# No core dump will be written. Minidumps are not enabled by default on client versions of Windows
#

---------------  S U M M A R Y ------------

Command Line: --add-opens=java.base/java.lang=ALL-UNNAMED --add-opens=java.base/java.lang.invoke=ALL-UNNAMED --add-opens=java.base/java.util=ALL-UNNAMED --add-opens=java.prefs/java.util.prefs=ALL-UNNAMED --add-exports=jdk.compiler/com.sun.tools.javac.api=ALL-UNNAMED --add-exports=jdk.compiler/com.sun.tools.javac.util=ALL-UNNAMED --add-opens=java.base/java.util=ALL-UNNAMED --add-opens=java.prefs/java.util.prefs=ALL-UNNAMED --add-opens=java.base/java.nio.charset=ALL-UNNAMED --add-opens=java.base/java.net=ALL-UNNAMED --add-opens=java.base/java.util.concurrent=ALL-UNNAMED --add-opens=java.base/java.util.concurrent.atomic=ALL-UNNAMED --add-opens=java.xml/javax.xml.namespace=ALL-UNNAMED --add-opens=java.base/java.time=ALL-UNNAMED -Xmx6144m -Dfile.encoding=UTF-8 -Duser.country=IN -Duser.language=en -Duser.variant -javaagent:C:\Users\vadit\.gradle\wrapper\dists\gradle-9.1.0-bin\9agqghryom9wkf8r80qlhnts3\gradle-9.1.0\lib\agents\gradle-instrumentation-agent-9.1.0.jar org.gradle.launcher.daemon.bootstrap.GradleDaemon 9.1.0

Host: AMD Ryzen 5 7535HS with Radeon Graphics        , 12 cores, 7G,  Windows 11 , 64 bit Build 26100 (10.0.26100.7705)
Time: Sun Feb 15 11:53:30 2026 India Standard Time elapsed time: 2066.441911 seconds (0d 0h 34m 26s)

---------------  T H R E A D  ---------------

Current thread (0x00000248541b4c00):  VMThread "VM Thread"          [id=24724, stack(0x00000089b2b00000,0x00000089b2c00000) (1024K)]

Stack: [0x00000089b2b00000,0x00000089b2c00000]
Native frames: (J=compiled Java code, j=interpreted, Vv=VM code, C=native code)
V  [jvm.dll+0x6d68d9]
V  [jvm.dll+0x866693]
V  [jvm.dll+0x868c4e]
V  [jvm.dll+0x869333]
V  [jvm.dll+0x280566]
V  [jvm.dll+0x6d3195]
V  [jvm.dll+0x6c69ea]
V  [jvm.dll+0x3586db]
V  [jvm.dll+0x360336]
V  [jvm.dll+0x3b23f6]
V  [jvm.dll+0x3b26c8]
V  [jvm.dll+0x32ae6c]
V  [jvm.dll+0x32aef7]
V  [jvm.dll+0x370d3c]
V  [jvm.dll+0x36f4ee]
V  [jvm.dll+0x32a5c1]
V  [jvm.dll+0x36ebf0]
V  [jvm.dll+0x86f0b8]
V  [jvm.dll+0x870434]
V  [jvm.dll+0x870970]
V  [jvm.dll+0x870c03]
V  [jvm.dll+0x80eac8]
V  [jvm.dll+0x6d512d]
C  [ucrtbase.dll+0x37b0]
C  [KERNEL32.DLL+0x2e8d7]
C  [ntdll.dll+0x8c40c]

VM_Operation (0x00000089c16fcc80): G1CollectForAllocation, mode: safepoint, requested by thread 0x0000024868426740


---------------  P R O C E S S  ---------------

Threads class SMR info:
_java_thread_list=0x00000248662e6790, length=246, elements={
0x00000248379cbae0, 0x00000248546c1a40, 0x00000248546d6050, 0x00000248546d6ab0,
0x00000248546ea4b0, 0x00000248546eaf10, 0x00000248546ebf90, 0x00000248546ec9f0,
0x00000248546f6a50, 0x00000248546f7100, 0x0000024854a32400, 0x0000024859ea4b00,
0x0000024859f031f0, 0x000002485a80e060, 0x000002485a8d3880, 0x000002485a8d1e40,
0x000002485a8d24d0, 0x000002485b010c50, 0x000002485b012000, 0x000002485b00ff30,
0x000002485b00f8a0, 0x000002485b012690, 0x000002485b0133b0, 0x000002485b013a40,
0x000002485b011970, 0x000002485b0105c0, 0x000002485b015480, 0x000002485b014df0,
0x000002485b015b10, 0x000002485b014760, 0x000002485b0161a0, 0x000002485b016ec0,
0x000002485cdb4810, 0x0000024865ad1070, 0x000002485dd5d1c0, 0x000002485dd60640,
0x000002485a8d31f0, 0x000002485fbffaf0, 0x000002485fbff460, 0x0000024865a1bef0,
0x000002485de2bda0, 0x0000024865a1c580, 0x0000024865a20db0, 0x000002485de29640,
0x000002485de27570, 0x000002485de2cac0, 0x000002485de261c0, 0x000002485dd5aa60,
0x000002485bce3850, 0x0000024865a24230, 0x000002485de2a360, 0x000002485bce5290,
0x0000024865ad72e0, 0x000002485b0112e0, 0x0000024865a1f370, 0x0000024865a21440,
0x0000024865a1e650, 0x0000024865a255e0, 0x0000024865a248c0, 0x0000024865a23ba0,
0x0000024865a25c70, 0x0000024865a227f0, 0x0000024865a26990, 0x0000024865a24f50,
0x0000024865a23510, 0x0000024865a276b0, 0x0000024865a29e10, 0x0000024865a27d40,
0x0000024865a27020, 0x0000024865a28a60, 0x0000024865a290f0, 0x0000024865a2a4a0,
0x0000024865a2ab30, 0x0000024865a2b1c0, 0x000002485fbfc670, 0x000002485fc00180,
0x000002485fbfe0b0, 0x000002485fbfe740, 0x000002485fbfcd00, 0x000002485fc00810,
0x000002485fbfd390, 0x000002485fc00ea0, 0x000002485fbfda20, 0x000002485fc02f70,
0x000002485fc01530, 0x000002485fc01bc0, 0x000002485fc028e0, 0x000002485fc04320,
0x000002485fc049b0, 0x000002485fc03600, 0x000002485fc03c90, 0x000002485fc056d0,
0x000002485fc05040, 0x000002485fc02250, 0x000002485fc091e0, 0x000002485fc06a80,
0x000002485fc07110, 0x000002485fc077a0, 0x000002485fc063f0, 0x000002485fc07e30,
0x000002485fc084c0, 0x000002485fc08b50, 0x000002485fc05d60, 0x000002485fc09870,
0x000002485fc0b2b0, 0x000002485fc0a590, 0x000002485fc09f00, 0x000002485fc0ac20,
0x000002485fc0b940, 0x000002485de205e0, 0x000002485de1ff50, 0x000002485de1e510,
0x000002485de1f8c0, 0x000002485de20c70, 0x000002485de1d7f0, 0x000002485de1eba0,
0x000002485de21300, 0x000002485de1de80, 0x000002485de22020, 0x000002485de25b30,
0x000002485de23a60, 0x000002485de22d40, 0x000002485de28fb0, 0x000002485de26850,
0x000002485de27c00, 0x000002485de24e10, 0x000002485de2c430, 0x000002485de2b080,
0x000002485dd5b0f0, 0x000002485dd5be10, 0x000002485dd5b780, 0x000002485dd5cb30,
0x000002485dd5c4a0, 0x000002485dd59d40, 0x000002485dd5d850, 0x000002485dd5a3d0,
0x000002485dd60cd0, 0x000002485dd5ffb0, 0x000002485dd5e570, 0x000002485dd5f920,
0x000002485bce7360, 0x000002485bce8da0, 0x000002485bce8080, 0x000002485bce5fb0,
0x000002485bce8710, 0x000002485bce9430, 0x000002485bce9ac0, 0x000002485bce6640,
0x0000024859d88dd0, 0x0000024859d88740, 0x0000024859d880b0, 0x0000024859d89460,
0x0000024859d8aea0, 0x0000024859d8a180, 0x0000024859d8b530, 0x0000024859d8bbc0,
0x0000024859d8c250, 0x0000024859d89af0, 0x0000024859d8f040, 0x0000024859d8e320,
0x0000024859d8d600, 0x0000024859d8dc90, 0x00000248655f23a0, 0x00000248655f1680,
0x00000248655f1d10, 0x00000248655f2a30, 0x00000248655f0960, 0x00000248655f4470,
0x00000248655f0ff0, 0x00000248655f7260, 0x00000248655f5190, 0x00000248655f4b00,
0x00000248655f5820, 0x00000248655f78f0, 0x00000248655f5eb0, 0x00000248655f7f80,
0x00000248549cdd50, 0x00000248549cea70, 0x00000248549cc310, 0x00000248549ce3e0,
0x00000248549cf790, 0x00000248549cf100, 0x00000248549cd030, 0x00000248549d0b40,
0x00000248549cfe20, 0x00000248549d04b0, 0x00000248549d11d0, 0x00000248549d1ef0,
0x00000248549d2580, 0x000002485cdb3460, 0x000002485cdb4ea0, 0x000002485cdb2dd0,
0x000002485cdb3af0, 0x000002485cdb5530, 0x000002485cdb5bc0, 0x000002485cdb2740,
0x000002485cdb8320, 0x0000024865ad8000, 0x0000024865ad5210, 0x0000024865ad4b80,
0x0000024865ad58a0, 0x0000024865ad65c0, 0x0000024865ad6c50, 0x0000024865ad5f30,
0x0000024865ad7970, 0x000002485b0140d0, 0x000002485b012d20, 0x000002485b016830,
0x000002485bce3ee0, 0x000002485bce4570, 0x000002485bce4c00, 0x000002485bce5920,
0x000002485bce6cd0, 0x000002485a8d52c0, 0x000002485dd61360, 0x000002485dd5dee0,
0x000002485dd5f290, 0x000002485bce24a0, 0x000002485bce79f0, 0x000002485de226b0,
0x000002486e11c6f0, 0x000002486e120f20, 0x000002486e1215b0, 0x000002486e121c40,
0x000002486e120890, 0x000002486e11e7c0, 0x000002486e1222d0, 0x000002486e11ee50,
0x000002486e123680, 0x000002486e125de0, 0x000002486e122960, 0x000002486e126470,
0x000002486e11b340, 0x000002486e117ec0, 0x0000024865a283d0, 0x0000024868439520,
0x000002486843a8d0, 0x000002486841c9c0, 0x0000024865682e30, 0x0000024868426740,
0x000002486842a250, 0x000002486842b600, 0x0000024868428ea0, 0x0000024868429530,
0x0000024868428180, 0x0000024865687ff0
}
_to_delete_list=0x0000024869e30a70, length=247, elements={
0x00000248379cbae0, 0x00000248546c1a40, 0x00000248546d6050, 0x00000248546d6ab0,
0x00000248546ea4b0, 0x00000248546eaf10, 0x00000248546ebf90, 0x00000248546ec9f0,
0x00000248546f6a50, 0x00000248546f7100, 0x0000024854a32400, 0x0000024859ea4b00,
0x0000024859f031f0, 0x000002485a80e060, 0x000002485a8d3880, 0x000002485a8d1e40,
0x000002485a8d24d0, 0x000002485b010c50, 0x000002485b012000, 0x000002485b00ff30,
0x000002485b00f8a0, 0x000002485b012690, 0x000002485b0133b0, 0x000002485b013a40,
0x000002485b011970, 0x000002485b0105c0, 0x000002485b015480, 0x000002485b014df0,
0x000002485b015b10, 0x000002485b014760, 0x000002485b0161a0, 0x000002485b016ec0,
0x000002485cdb4810, 0x0000024865ad1070, 0x000002485dd5d1c0, 0x000002485dd60640,
0x000002485a8d31f0, 0x000002485fbffaf0, 0x000002485fbff460, 0x0000024865a1bef0,
0x000002485de2bda0, 0x0000024865a1c580, 0x0000024865a20db0, 0x000002485de29640,
0x000002485de27570, 0x000002485de2cac0, 0x000002485de261c0, 0x000002485dd5aa60,
0x000002485bce3850, 0x0000024865a24230, 0x000002485de2a360, 0x000002485bce5290,
0x0000024865ad72e0, 0x000002485b0112e0, 0x0000024865a1f370, 0x0000024865a21440,
0x0000024865a1e650, 0x0000024865a255e0, 0x0000024865a248c0, 0x0000024865a23ba0,
0x0000024865a25c70, 0x0000024865a227f0, 0x0000024865a26990, 0x0000024865a24f50,
0x0000024865a23510, 0x0000024865a276b0, 0x0000024865a29e10, 0x0000024865a27d40,
0x0000024865a27020, 0x0000024865a28a60, 0x0000024865a290f0, 0x0000024865a2a4a0,
0x0000024865a2ab30, 0x0000024865a2b1c0, 0x000002485fbfc670, 0x000002485fc00180,
0x000002485fbfe0b0, 0x000002485fbfe740, 0x000002485fbfcd00, 0x000002485fc00810,
0x000002485fbfd390, 0x000002485fc00ea0, 0x000002485fbfda20, 0x000002485fc02f70,
0x000002485fc01530, 0x000002485fc01bc0, 0x000002485fc028e0, 0x000002485fc04320,
0x000002485fc049b0, 0x000002485fc03600, 0x000002485fc03c90, 0x000002485fc056d0,
0x000002485fc05040, 0x000002485fc02250, 0x000002485fc091e0, 0x000002485fc06a80,
0x000002485fc07110, 0x000002485fc077a0, 0x000002485fc063f0, 0x000002485fc07e30,
0x000002485fc084c0, 0x000002485fc08b50, 0x000002485fc05d60, 0x000002485fc09870,
0x000002485fc0b2b0, 0x000002485fc0a590, 0x000002485fc09f00, 0x000002485fc0ac20,
0x000002485fc0b940, 0x000002485de205e0, 0x000002485de1ff50, 0x000002485de1e510,
0x000002485de1f8c0, 0x000002485de20c70, 0x000002485de1d7f0, 0x000002485de1eba0,
0x000002485de21300, 0x000002485de1de80, 0x000002485de22020, 0x000002485de25b30,
0x000002485de23a60, 0x000002485de22d40, 0x000002485de28fb0, 0x000002485de26850,
0x000002485de27c00, 0x000002485de28920, 0x000002485de24e10, 0x000002485de2c430,
0x000002485de2b080, 0x000002485dd5b0f0, 0x000002485dd5be10, 0x000002485dd5b780,
0x000002485dd5cb30, 0x000002485dd5c4a0, 0x000002485dd59d40, 0x000002485dd5d850,
0x000002485dd5a3d0, 0x000002485dd60cd0, 0x000002485dd5ffb0, 0x000002485dd5e570,
0x000002485dd5f920, 0x000002485bce7360, 0x000002485bce8da0, 0x000002485bce8080,
0x000002485bce5fb0, 0x000002485bce8710, 0x000002485bce9430, 0x000002485bce9ac0,
0x000002485bce6640, 0x0000024859d88dd0, 0x0000024859d88740, 0x0000024859d880b0,
0x0000024859d89460, 0x0000024859d8aea0, 0x0000024859d8a180, 0x0000024859d8b530,
0x0000024859d8bbc0, 0x0000024859d8c250, 0x0000024859d89af0, 0x0000024859d8f040,
0x0000024859d8e320, 0x0000024859d8d600, 0x0000024859d8dc90, 0x00000248655f23a0,
0x00000248655f1680, 0x00000248655f1d10, 0x00000248655f2a30, 0x00000248655f0960,
0x00000248655f4470, 0x00000248655f0ff0, 0x00000248655f7260, 0x00000248655f5190,
0x00000248655f4b00, 0x00000248655f5820, 0x00000248655f78f0, 0x00000248655f5eb0,
0x00000248655f7f80, 0x00000248549cdd50, 0x00000248549cea70, 0x00000248549cc310,
0x00000248549ce3e0, 0x00000248549cf790, 0x00000248549cf100, 0x00000248549cd030,
0x00000248549d0b40, 0x00000248549cfe20, 0x00000248549d04b0, 0x00000248549d11d0,
0x00000248549d1ef0, 0x00000248549d2580, 0x000002485cdb3460, 0x000002485cdb4ea0,
0x000002485cdb2dd0, 0x000002485cdb3af0, 0x000002485cdb5530, 0x000002485cdb5bc0,
0x000002485cdb2740, 0x000002485cdb8320, 0x0000024865ad8000, 0x0000024865ad5210,
0x0000024865ad4b80, 0x0000024865ad58a0, 0x0000024865ad65c0, 0x0000024865ad6c50,
0x0000024865ad5f30, 0x0000024865ad7970, 0x000002485b0140d0, 0x000002485b012d20,
0x000002485b016830, 0x000002485bce3ee0, 0x000002485bce4570, 0x000002485bce4c00,
0x000002485bce5920, 0x000002485bce6cd0, 0x000002485a8d52c0, 0x000002485dd61360,
0x000002485dd5dee0, 0x000002485dd5f290, 0x000002485bce24a0, 0x000002485bce79f0,
0x000002485de226b0, 0x000002486e11c6f0, 0x000002486e120f20, 0x000002486e1215b0,
0x000002486e121c40, 0x000002486e120890, 0x000002486e11e7c0, 0x000002486e1222d0,
0x000002486e11ee50, 0x000002486e123680, 0x000002486e125de0, 0x000002486e122960,
0x000002486e126470, 0x000002486e11b340, 0x000002486e117ec0, 0x0000024865a283d0,
0x0000024868439520, 0x000002486843a8d0, 0x000002486841c9c0, 0x0000024865682e30,
0x0000024868426740, 0x000002486842a250, 0x000002486842b600, 0x0000024868428ea0,
0x0000024868429530, 0x0000024868428180, 0x0000024865687ff0
}

Java Threads: ( => current thread )
  0x00000248379cbae0 JavaThread "main"                              [_thread_blocked, id=26228, stack(0x00000089b2400000,0x00000089b2500000) (1024K)]
  0x00000248546c1a40 JavaThread "Common-Cleaner"             daemon [_thread_blocked, id=25204, stack(0x00000089b2c00000,0x00000089b2d00000) (1024K)]
  0x00000248546d6050 JavaThread "Reference Handler"          daemon [_thread_blocked, id=28156, stack(0x00000089b2d00000,0x00000089b2e00000) (1024K)]
  0x00000248546d6ab0 JavaThread "Finalizer"                  daemon [_thread_blocked, id=5252, stack(0x00000089b2e00000,0x00000089b2f00000) (1024K)]
  0x00000248546ea4b0 JavaThread "Signal Dispatcher"          daemon [_thread_blocked, id=12516, stack(0x00000089b2f00000,0x00000089b3000000) (1024K)]
  0x00000248546eaf10 JavaThread "Attach Listener"            daemon [_thread_blocked, id=26856, stack(0x00000089b3000000,0x00000089b3100000) (1024K)]
  0x00000248546ebf90 JavaThread "Service Thread"             daemon [_thread_blocked, id=25124, stack(0x00000089b3100000,0x00000089b3200000) (1024K)]
  0x00000248546ec9f0 JavaThread "Monitor Deflation Thread"   daemon [_thread_blocked, id=26184, stack(0x00000089b3200000,0x00000089b3300000) (1024K)]
  0x00000248546f6a50 JavaThread "C2 CompilerThread0"         daemon [_thread_blocked, id=25844, stack(0x00000089b3300000,0x00000089b3400000) (1024K)]
  0x00000248546f7100 JavaThread "C1 CompilerThread0"         daemon [_thread_blocked, id=26024, stack(0x00000089b3400000,0x00000089b3500000) (1024K)]
  0x0000024854a32400 JavaThread "Notification Thread"        daemon [_thread_blocked, id=26536, stack(0x00000089b3500000,0x00000089b3600000) (1024K)]
  0x0000024859ea4b00 JavaThread "Daemon health stats"               [_thread_blocked, id=26532, stack(0x00000089b3800000,0x00000089b3900000) (1024K)]
  0x0000024859f031f0 JavaThread "Incoming local TCP Connector on port 55551"        [_thread_in_native, id=26892, stack(0x00000089b3b00000,0x00000089b3c00000) (1024K)]
  0x000002485a80e060 JavaThread "Daemon periodic checks"            [_thread_blocked, id=27604, stack(0x00000089b4100000,0x00000089b4200000) (1024K)]
  0x000002485a8d3880 JavaThread "Cache worker for journal cache (C:\Users\vadit\.gradle\caches\journal-1)"        [_thread_blocked, id=12472, stack(0x00000089b4c00000,0x00000089b4d00000) (1024K)]
  0x000002485a8d1e40 JavaThread "File lock request listener"        [_thread_in_native, id=15088, stack(0x00000089b4b00000,0x00000089b4c00000) (1024K)]
  0x000002485a8d24d0 JavaThread "Cache worker for file hash cache (C:\Users\vadit\.gradle\caches\9.1.0\fileHashes)"        [_thread_blocked, id=4880, stack(0x00000089b4d00000,0x00000089b4e00000) (1024K)]
  0x000002485b010c50 JavaThread "File watcher server"        daemon [_thread_blocked, id=25952, stack(0x00000089b5200000,0x00000089b5300000) (1024K)]
  0x000002485b012000 JavaThread "File watcher consumer"      daemon [_thread_blocked, id=6504, stack(0x00000089b5300000,0x00000089b5400000) (1024K)]
  0x000002485b00ff30 JavaThread "jar transforms"                    [_thread_blocked, id=18080, stack(0x00000089b5400000,0x00000089b5500000) (1024K)]
  0x000002485b00f8a0 JavaThread "jar transforms Thread 2"           [_thread_blocked, id=25888, stack(0x00000089b5500000,0x00000089b5600000) (1024K)]
  0x000002485b012690 JavaThread "jar transforms Thread 3"           [_thread_blocked, id=11252, stack(0x00000089b5600000,0x00000089b5700000) (1024K)]
  0x000002485b0133b0 JavaThread "jar transforms Thread 4"           [_thread_blocked, id=28444, stack(0x00000089b5700000,0x00000089b5800000) (1024K)]
  0x000002485b013a40 JavaThread "jar transforms Thread 5"           [_thread_blocked, id=28440, stack(0x00000089b5800000,0x00000089b5900000) (1024K)]
  0x000002485b011970 JavaThread "jar transforms Thread 6"           [_thread_blocked, id=25804, stack(0x00000089b5900000,0x00000089b5a00000) (1024K)]
  0x000002485b0105c0 JavaThread "jar transforms Thread 7"           [_thread_blocked, id=25992, stack(0x00000089b5a00000,0x00000089b5b00000) (1024K)]
  0x000002485b015480 JavaThread "jar transforms Thread 8"           [_thread_blocked, id=27364, stack(0x00000089b5b00000,0x00000089b5c00000) (1024K)]
  0x000002485b014df0 JavaThread "jar transforms Thread 9"           [_thread_blocked, id=28480, stack(0x00000089b5c00000,0x00000089b5d00000) (1024K)]
  0x000002485b015b10 JavaThread "jar transforms Thread 10"          [_thread_blocked, id=7380, stack(0x00000089b5d00000,0x00000089b5e00000) (1024K)]
  0x000002485b014760 JavaThread "jar transforms Thread 11"          [_thread_blocked, id=9736, stack(0x00000089b5e00000,0x00000089b5f00000) (1024K)]
  0x000002485b0161a0 JavaThread "jar transforms Thread 12"          [_thread_blocked, id=10652, stack(0x00000089b5f00000,0x00000089b6000000) (1024K)]
  0x000002485b016ec0 JavaThread "Cache worker for file content cache (C:\Users\vadit\.gradle\caches\9.1.0\fileContent)"        [_thread_blocked, id=15588, stack(0x00000089b6100000,0x00000089b6200000) (1024K)]
  0x000002485cdb4810 JavaThread "Memory manager"                    [_thread_blocked, id=12796, stack(0x00000089b7e00000,0x00000089b7f00000) (1024K)]
  0x0000024865ad1070 JavaThread "pool-3-thread-1"                   [_thread_blocked, id=3564, stack(0x00000089b7d00000,0x00000089b7e00000) (1024K)]
  0x000002485dd5d1c0 JavaThread "pool-6-thread-1"                   [_thread_blocked, id=28000, stack(0x00000089ba300000,0x00000089ba400000) (1024K)]
  0x000002485dd60640 JavaThread "RMI Scheduler(0)"           daemon [_thread_blocked, id=7304, stack(0x00000089b7200000,0x00000089b7300000) (1024K)]
  0x000002485a8d31f0 JavaThread "RMI GC Daemon"              daemon [_thread_blocked, id=11716, stack(0x00000089bf900000,0x00000089bfa00000) (1024K)]
  0x000002485fbffaf0 JavaThread "RMI TCP Accept-0"           daemon [_thread_in_native, id=18252, stack(0x00000089bfb00000,0x00000089bfc00000) (1024K)]
  0x000002485fbff460 JavaThread "RMI Reaper"                        [_thread_blocked, id=9072, stack(0x00000089bfc00000,0x00000089bfd00000) (1024K)]
  0x0000024865a1bef0 JavaThread "pool-9-thread-1"                   [_thread_blocked, id=8916, stack(0x00000089b7000000,0x00000089b7100000) (1024K)]
  0x000002485de2bda0 JavaThread "pool-12-thread-1"                  [_thread_blocked, id=12600, stack(0x00000089ba100000,0x00000089ba200000) (1024K)]
  0x0000024865a1c580 JavaThread "pool-15-thread-1"                  [_thread_blocked, id=27684, stack(0x00000089ba700000,0x00000089ba800000) (1024K)]
  0x0000024865a20db0 JavaThread "pool-18-thread-1"                  [_thread_blocked, id=28520, stack(0x00000089b9c00000,0x00000089b9d00000) (1024K)]
  0x000002485de29640 JavaThread "pool-21-thread-1"                  [_thread_blocked, id=15292, stack(0x00000089ba500000,0x00000089ba600000) (1024K)]
  0x000002485de27570 JavaThread "pool-24-thread-1"                  [_thread_blocked, id=25920, stack(0x00000089b9700000,0x00000089b9800000) (1024K)]
  0x000002485de2cac0 JavaThread "pool-27-thread-1"                  [_thread_blocked, id=8436, stack(0x00000089ba200000,0x00000089ba300000) (1024K)]
  0x000002485de261c0 JavaThread "pool-30-thread-1"                  [_thread_blocked, id=11740, stack(0x00000089b9b00000,0x00000089b9c00000) (1024K)]
  0x000002485dd5aa60 JavaThread "pool-33-thread-1"                  [_thread_blocked, id=24296, stack(0x00000089ba900000,0x00000089baa00000) (1024K)]
  0x000002485bce3850 JavaThread "pool-36-thread-1"                  [_thread_blocked, id=25200, stack(0x00000089b9f00000,0x00000089ba000000) (1024K)]
  0x0000024865a24230 JavaThread "pool-39-thread-1"                  [_thread_blocked, id=7300, stack(0x00000089bab00000,0x00000089bac00000) (1024K)]
  0x000002485de2a360 JavaThread "pool-42-thread-1"                  [_thread_blocked, id=2212, stack(0x00000089bad00000,0x00000089bae00000) (1024K)]
  0x000002485bce5290 JavaThread "pool-45-thread-1"                  [_thread_blocked, id=26576, stack(0x00000089ba800000,0x00000089ba900000) (1024K)]
  0x0000024865ad72e0 JavaThread "RMI TCP Connection(idle)"   daemon [_thread_blocked, id=26960, stack(0x00000089c0200000,0x00000089c0300000) (1024K)]
  0x000002485b0112e0 JavaThread "RMI TCP Connection(idle)"   daemon [_thread_blocked, id=2340, stack(0x00000089c0100000,0x00000089c0200000) (1024K)]
  0x0000024865a1f370 JavaThread "Daemon Thread 8"                   [_thread_blocked, id=28120, stack(0x00000089b2100000,0x00000089b2200000) (1024K)]
  0x0000024865a21440 JavaThread "Handler for socket connection from /127.0.0.1:55551 to /127.0.0.1:50249"        [_thread_in_native, id=26832, stack(0x00000089b2200000,0x00000089b2300000) (1024K)]
  0x0000024865a1e650 JavaThread "Cancel handler"                    [_thread_blocked, id=24388, stack(0x00000089b2300000,0x00000089b2400000) (1024K)]
  0x0000024865a255e0 JavaThread "Daemon worker Thread 8"            [_thread_blocked, id=28652, stack(0x00000089b4200000,0x00000089b4300000) (1024K)]
  0x0000024865a248c0 JavaThread "Asynchronous log dispatcher for DefaultDaemonConnection: socket connection from /127.0.0.1:55551 to /127.0.0.1:50249"        [_thread_blocked, id=26012, stack(0x00000089b4400000,0x00000089b4500000) (1024K)]
  0x0000024865a23ba0 JavaThread "Stdin handler"                     [_thread_blocked, id=992, stack(0x00000089b4500000,0x00000089b4600000) (1024K)]
  0x0000024865a25c70 JavaThread "Daemon client event forwarder"        [_thread_blocked, id=16788, stack(0x00000089b4600000,0x00000089b4700000) (1024K)]
  0x0000024865a227f0 JavaThread "Cache worker for file hash cache (D:\THEORACLESPLATE\.gradle\9.1.0\fileHashes)"        [_thread_blocked, id=16884, stack(0x00000089b4700000,0x00000089b4800000) (1024K)]
  0x0000024865a26990 JavaThread "Cache worker for Build Output Cleanup Cache (D:\THEORACLESPLATE\.gradle\buildOutputCleanup)"        [_thread_blocked, id=8896, stack(0x00000089b4a00000,0x00000089b4b00000) (1024K)]
  0x0000024865a24f50 JavaThread "Cache worker for checksums cache (D:\THEORACLESPLATE\.gradle\9.1.0\checksums)"        [_thread_blocked, id=21348, stack(0x00000089b4e00000,0x00000089b4f00000) (1024K)]
  0x0000024865a23510 JavaThread "Cache worker for cache directory md-supplier (C:\Users\vadit\.gradle\caches\9.1.0\md-supplier)"        [_thread_blocked, id=21512, stack(0x00000089b4f00000,0x00000089b5000000) (1024K)]
  0x0000024865a276b0 JavaThread "Cache worker for cache directory md-rule (C:\Users\vadit\.gradle\caches\9.1.0\md-rule)"        [_thread_blocked, id=27780, stack(0x00000089b5000000,0x00000089b5100000) (1024K)]
  0x0000024865a29e10 JavaThread "Unconstrained build operations"        [_thread_blocked, id=14340, stack(0x00000089b5100000,0x00000089b5200000) (1024K)]
  0x0000024865a27d40 JavaThread "Unconstrained build operations Thread 2"        [_thread_blocked, id=9724, stack(0x00000089b6000000,0x00000089b6100000) (1024K)]
  0x0000024865a27020 JavaThread "Unconstrained build operations Thread 3"        [_thread_blocked, id=25068, stack(0x00000089b6200000,0x00000089b6300000) (1024K)]
  0x0000024865a28a60 JavaThread "Unconstrained build operations Thread 4"        [_thread_blocked, id=14088, stack(0x00000089b6300000,0x00000089b6400000) (1024K)]
  0x0000024865a290f0 JavaThread "Unconstrained build operations Thread 5"        [_thread_blocked, id=28240, stack(0x00000089b6400000,0x00000089b6500000) (1024K)]
  0x0000024865a2a4a0 JavaThread "Unconstrained build operations Thread 6"        [_thread_blocked, id=18472, stack(0x00000089b6500000,0x00000089b6600000) (1024K)]
  0x0000024865a2ab30 JavaThread "Unconstrained build operations Thread 7"        [_thread_blocked, id=8816, stack(0x00000089b6600000,0x00000089b6700000) (1024K)]
  0x0000024865a2b1c0 JavaThread "Unconstrained build operations Thread 8"        [_thread_blocked, id=11720, stack(0x00000089b6700000,0x00000089b6800000) (1024K)]
  0x000002485fbfc670 JavaThread "Unconstrained build operations Thread 9"        [_thread_blocked, id=3228, stack(0x00000089b6800000,0x00000089b6900000) (1024K)]
  0x000002485fc00180 JavaThread "Unconstrained build operations Thread 10"        [_thread_blocked, id=9788, stack(0x00000089b6900000,0x00000089b6a00000) (1024K)]
  0x000002485fbfe0b0 JavaThread "Unconstrained build operations Thread 11"        [_thread_blocked, id=14552, stack(0x00000089b6a00000,0x00000089b6b00000) (1024K)]
  0x000002485fbfe740 JavaThread "Unconstrained build operations Thread 12"        [_thread_blocked, id=3492, stack(0x00000089b6b00000,0x00000089b6c00000) (1024K)]
  0x000002485fbfcd00 JavaThread "Unconstrained build operations Thread 13"        [_thread_blocked, id=24844, stack(0x00000089b6c00000,0x00000089b6d00000) (1024K)]
  0x000002485fc00810 JavaThread "Unconstrained build operations Thread 14"        [_thread_blocked, id=26984, stack(0x00000089b6d00000,0x00000089b6e00000) (1024K)]
  0x000002485fbfd390 JavaThread "Unconstrained build operations Thread 15"        [_thread_blocked, id=26528, stack(0x00000089b6e00000,0x00000089b6f00000) (1024K)]
  0x000002485fc00ea0 JavaThread "Unconstrained build operations Thread 16"        [_thread_blocked, id=1972, stack(0x00000089b6f00000,0x00000089b7000000) (1024K)]
  0x000002485fbfda20 JavaThread "Unconstrained build operations Thread 17"        [_thread_blocked, id=27108, stack(0x00000089b7100000,0x00000089b7200000) (1024K)]
  0x000002485fc02f70 JavaThread "Unconstrained build operations Thread 18"        [_thread_blocked, id=7540, stack(0x00000089b7300000,0x00000089b7400000) (1024K)]
  0x000002485fc01530 JavaThread "Unconstrained build operations Thread 19"        [_thread_blocked, id=25560, stack(0x00000089b7400000,0x00000089b7500000) (1024K)]
  0x000002485fc01bc0 JavaThread "Unconstrained build operations Thread 20"        [_thread_blocked, id=21332, stack(0x00000089b7500000,0x00000089b7600000) (1024K)]
  0x000002485fc028e0 JavaThread "Unconstrained build operations Thread 21"        [_thread_blocked, id=11384, stack(0x00000089b7600000,0x00000089b7700000) (1024K)]
  0x000002485fc04320 JavaThread "Unconstrained build operations Thread 22"        [_thread_blocked, id=16796, stack(0x00000089b7700000,0x00000089b7800000) (1024K)]
  0x000002485fc049b0 JavaThread "Unconstrained build operations Thread 23"        [_thread_blocked, id=7280, stack(0x00000089b7800000,0x00000089b7900000) (1024K)]
  0x000002485fc03600 JavaThread "Unconstrained build operations Thread 24"        [_thread_blocked, id=4748, stack(0x00000089b7900000,0x00000089b7a00000) (1024K)]
  0x000002485fc03c90 JavaThread "Unconstrained build operations Thread 25"        [_thread_blocked, id=21856, stack(0x00000089b7a00000,0x00000089b7b00000) (1024K)]
  0x000002485fc056d0 JavaThread "Unconstrained build operations Thread 26"        [_thread_blocked, id=17428, stack(0x00000089b7b00000,0x00000089b7c00000) (1024K)]
  0x000002485fc05040 JavaThread "Unconstrained build operations Thread 27"        [_thread_blocked, id=9988, stack(0x00000089b7c00000,0x00000089b7d00000) (1024K)]
  0x000002485fc02250 JavaThread "Unconstrained build operations Thread 28"        [_thread_blocked, id=10448, stack(0x00000089b7f00000,0x00000089b8000000) (1024K)]
  0x000002485fc091e0 JavaThread "Unconstrained build operations Thread 29"        [_thread_blocked, id=7904, stack(0x00000089b8000000,0x00000089b8100000) (1024K)]
  0x000002485fc06a80 JavaThread "Unconstrained build operations Thread 30"        [_thread_blocked, id=9144, stack(0x00000089b8100000,0x00000089b8200000) (1024K)]
  0x000002485fc07110 JavaThread "Unconstrained build operations Thread 31"        [_thread_blocked, id=18468, stack(0x00000089b8200000,0x00000089b8300000) (1024K)]
  0x000002485fc077a0 JavaThread "Unconstrained build operations Thread 32"        [_thread_blocked, id=25812, stack(0x00000089b8300000,0x00000089b8400000) (1024K)]
  0x000002485fc063f0 JavaThread "Unconstrained build operations Thread 33"        [_thread_blocked, id=9852, stack(0x00000089b8400000,0x00000089b8500000) (1024K)]
  0x000002485fc07e30 JavaThread "Unconstrained build operations Thread 34"        [_thread_blocked, id=7132, stack(0x00000089b8500000,0x00000089b8600000) (1024K)]
  0x000002485fc084c0 JavaThread "Unconstrained build operations Thread 35"        [_thread_blocked, id=24260, stack(0x00000089b8600000,0x00000089b8700000) (1024K)]
  0x000002485fc08b50 JavaThread "Unconstrained build operations Thread 36"        [_thread_blocked, id=24472, stack(0x00000089b8700000,0x00000089b8800000) (1024K)]
  0x000002485fc05d60 JavaThread "Unconstrained build operations Thread 37"        [_thread_blocked, id=4672, stack(0x00000089b4300000,0x00000089b4400000) (1024K)]
  0x000002485fc09870 JavaThread "Unconstrained build operations Thread 38"        [_thread_blocked, id=23456, stack(0x00000089b8800000,0x00000089b8900000) (1024K)]
  0x000002485fc0b2b0 JavaThread "Unconstrained build operations Thread 39"        [_thread_blocked, id=18144, stack(0x00000089b8900000,0x00000089b8a00000) (1024K)]
  0x000002485fc0a590 JavaThread "Unconstrained build operations Thread 40"        [_thread_blocked, id=25892, stack(0x00000089b8a00000,0x00000089b8b00000) (1024K)]
  0x000002485fc09f00 JavaThread "Unconstrained build operations Thread 41"        [_thread_blocked, id=22628, stack(0x00000089b8b00000,0x00000089b8c00000) (1024K)]
  0x000002485fc0ac20 JavaThread "Unconstrained build operations Thread 42"        [_thread_blocked, id=10116, stack(0x00000089b8c00000,0x00000089b8d00000) (1024K)]
  0x000002485fc0b940 JavaThread "Unconstrained build operations Thread 43"        [_thread_blocked, id=26932, stack(0x00000089b8d00000,0x00000089b8e00000) (1024K)]
  0x000002485de205e0 JavaThread "Unconstrained build operations Thread 44"        [_thread_blocked, id=27700, stack(0x00000089b8e00000,0x00000089b8f00000) (1024K)]
  0x000002485de1ff50 JavaThread "Unconstrained build operations Thread 45"        [_thread_blocked, id=2360, stack(0x00000089b8f00000,0x00000089b9000000) (1024K)]
  0x000002485de1e510 JavaThread "Unconstrained build operations Thread 46"        [_thread_blocked, id=9592, stack(0x00000089b9000000,0x00000089b9100000) (1024K)]
  0x000002485de1f8c0 JavaThread "Unconstrained build operations Thread 47"        [_thread_blocked, id=22416, stack(0x00000089b9100000,0x00000089b9200000) (1024K)]
  0x000002485de20c70 JavaThread "Unconstrained build operations Thread 48"        [_thread_blocked, id=5156, stack(0x00000089b9200000,0x00000089b9300000) (1024K)]
  0x000002485de1d7f0 JavaThread "Unconstrained build operations Thread 49"        [_thread_blocked, id=26684, stack(0x00000089b9300000,0x00000089b9400000) (1024K)]
  0x000002485de1eba0 JavaThread "Unconstrained build operations Thread 50"        [_thread_blocked, id=6908, stack(0x00000089b9400000,0x00000089b9500000) (1024K)]
  0x000002485de21300 JavaThread "build event listener"              [_thread_blocked, id=13888, stack(0x00000089b9500000,0x00000089b9600000) (1024K)]
  0x000002485de1de80 JavaThread "build event listener"              [_thread_blocked, id=27860, stack(0x00000089b9600000,0x00000089b9700000) (1024K)]
  0x000002485de22020 JavaThread "ForkJoinPool.commonPool-worker-108" daemon [_thread_blocked, id=28332, stack(0x00000089b9a00000,0x00000089b9b00000) (1024K)]
  0x000002485de25b30 JavaThread "ForkJoinPool.commonPool-worker-111" daemon [_thread_blocked, id=26220, stack(0x00000089b9e00000,0x00000089b9f00000) (1024K)]
  0x000002485de23a60 JavaThread "ForkJoinPool.commonPool-worker-110" daemon [_thread_blocked, id=26256, stack(0x00000089ba000000,0x00000089ba100000) (1024K)]
  0x000002485de22d40 JavaThread "ForkJoinPool.commonPool-worker-112" daemon [_thread_blocked, id=19452, stack(0x00000089ba400000,0x00000089ba500000) (1024K)]
  0x000002485de28fb0 JavaThread "ForkJoinPool.commonPool-worker-115" daemon [_thread_blocked, id=9572, stack(0x00000089ba600000,0x00000089ba700000) (1024K)]
  0x000002485de26850 JavaThread "ForkJoinPool.commonPool-worker-114" daemon [_thread_blocked, id=10724, stack(0x00000089baa00000,0x00000089bab00000) (1024K)]
  0x000002485de27c00 JavaThread "ForkJoinPool.commonPool-worker-113" daemon [_thread_blocked, id=24556, stack(0x00000089bac00000,0x00000089bad00000) (1024K)]
  0x000002485de24e10 JavaThread "pool-48-thread-1"                  [_thread_blocked, id=24492, stack(0x00000089baf00000,0x00000089bb000000) (1024K)]
  0x000002485de2c430 JavaThread "build event listener"              [_thread_blocked, id=28392, stack(0x00000089bb000000,0x00000089bb100000) (1024K)]
  0x000002485de2b080 JavaThread "included builds"                   [_thread_blocked, id=12864, stack(0x00000089bb100000,0x00000089bb200000) (1024K)]
  0x000002485dd5b0f0 JavaThread "Execution worker"                  [_thread_blocked, id=18404, stack(0x00000089bb200000,0x00000089bb300000) (1024K)]
  0x000002485dd5be10 JavaThread "Execution worker Thread 2"         [_thread_blocked, id=27884, stack(0x00000089bb300000,0x00000089bb400000) (1024K)]
  0x000002485dd5b780 JavaThread "Execution worker Thread 3"         [_thread_blocked, id=18460, stack(0x00000089bb400000,0x00000089bb500000) (1024K)]
  0x000002485dd5cb30 JavaThread "Execution worker Thread 4"         [_thread_blocked, id=9884, stack(0x00000089bb500000,0x00000089bb600000) (1024K)]
  0x000002485dd5c4a0 JavaThread "Execution worker Thread 5"         [_thread_blocked, id=18396, stack(0x00000089bb600000,0x00000089bb700000) (1024K)]
  0x000002485dd59d40 JavaThread "Execution worker Thread 6"         [_thread_blocked, id=25820, stack(0x00000089bb700000,0x00000089bb800000) (1024K)]
  0x000002485dd5d850 JavaThread "Execution worker Thread 7"         [_thread_blocked, id=27092, stack(0x00000089bb800000,0x00000089bb900000) (1024K)]
  0x000002485dd5a3d0 JavaThread "Execution worker Thread 8"         [_thread_blocked, id=21616, stack(0x00000089bb900000,0x00000089bba00000) (1024K)]
  0x000002485dd60cd0 JavaThread "Execution worker Thread 9"         [_thread_blocked, id=28312, stack(0x00000089bba00000,0x00000089bbb00000) (1024K)]
  0x000002485dd5ffb0 JavaThread "Execution worker Thread 10"        [_thread_blocked, id=27912, stack(0x00000089bbb00000,0x00000089bbc00000) (1024K)]
  0x000002485dd5e570 JavaThread "Execution worker Thread 11"        [_thread_blocked, id=3960, stack(0x00000089bbc00000,0x00000089bbd00000) (1024K)]
  0x000002485dd5f920 JavaThread "Cache worker for execution history cache (D:\THEORACLESPLATE\.gradle\9.1.0\executionHistory)"        [_thread_blocked, id=12008, stack(0x00000089bbd00000,0x00000089bbe00000) (1024K)]
  0x000002485bce7360 JavaThread "Unconstrained build operations Thread 51"        [_thread_blocked, id=12832, stack(0x00000089bbe00000,0x00000089bbf00000) (1024K)]
  0x000002485bce8da0 JavaThread "Unconstrained build operations Thread 52"        [_thread_blocked, id=12736, stack(0x00000089bbf00000,0x00000089bc000000) (1024K)]
  0x000002485bce8080 JavaThread "Unconstrained build operations Thread 53"        [_thread_blocked, id=2740, stack(0x00000089bc000000,0x00000089bc100000) (1024K)]
  0x000002485bce5fb0 JavaThread "Unconstrained build operations Thread 54"        [_thread_blocked, id=15640, stack(0x00000089bc100000,0x00000089bc200000) (1024K)]
  0x000002485bce8710 JavaThread "Unconstrained build operations Thread 55"        [_thread_blocked, id=27672, stack(0x00000089bc200000,0x00000089bc300000) (1024K)]
  0x000002485bce9430 JavaThread "Unconstrained build operations Thread 56"        [_thread_blocked, id=7676, stack(0x00000089bc300000,0x00000089bc400000) (1024K)]
  0x000002485bce9ac0 JavaThread "Unconstrained build operations Thread 57"        [_thread_blocked, id=27060, stack(0x00000089bc400000,0x00000089bc500000) (1024K)]
  0x000002485bce6640 JavaThread "Unconstrained build operations Thread 58"        [_thread_blocked, id=27444, stack(0x00000089bc500000,0x00000089bc600000) (1024K)]
  0x0000024859d88dd0 JavaThread "Unconstrained build operations Thread 59"        [_thread_blocked, id=8312, stack(0x00000089bc600000,0x00000089bc700000) (1024K)]
  0x0000024859d88740 JavaThread "Unconstrained build operations Thread 60"        [_thread_blocked, id=25180, stack(0x00000089bc700000,0x00000089bc800000) (1024K)]
  0x0000024859d880b0 JavaThread "Unconstrained build operations Thread 61"        [_thread_blocked, id=28396, stack(0x00000089bc800000,0x00000089bc900000) (1024K)]
  0x0000024859d89460 JavaThread "Unconstrained build operations Thread 62"        [_thread_blocked, id=18756, stack(0x00000089bc900000,0x00000089bca00000) (1024K)]
  0x0000024859d8aea0 JavaThread "Unconstrained build operations Thread 63"        [_thread_blocked, id=13204, stack(0x00000089bca00000,0x00000089bcb00000) (1024K)]
  0x0000024859d8a180 JavaThread "Unconstrained build operations Thread 64"        [_thread_blocked, id=11480, stack(0x00000089bcb00000,0x00000089bcc00000) (1024K)]
  0x0000024859d8b530 JavaThread "Unconstrained build operations Thread 65"        [_thread_blocked, id=4624, stack(0x00000089bcc00000,0x00000089bcd00000) (1024K)]
  0x0000024859d8bbc0 JavaThread "Unconstrained build operations Thread 66"        [_thread_blocked, id=28256, stack(0x00000089bcd00000,0x00000089bce00000) (1024K)]
  0x0000024859d8c250 JavaThread "Unconstrained build operations Thread 67"        [_thread_blocked, id=28148, stack(0x00000089bce00000,0x00000089bcf00000) (1024K)]
  0x0000024859d89af0 JavaThread "Unconstrained build operations Thread 68"        [_thread_blocked, id=3816, stack(0x00000089bcf00000,0x00000089bd000000) (1024K)]
  0x0000024859d8f040 JavaThread "Unconstrained build operations Thread 69"        [_thread_blocked, id=15196, stack(0x00000089bd000000,0x00000089bd100000) (1024K)]
  0x0000024859d8e320 JavaThread "Unconstrained build operations Thread 70"        [_thread_blocked, id=20036, stack(0x00000089bd100000,0x00000089bd200000) (1024K)]
  0x0000024859d8d600 JavaThread "Unconstrained build operations Thread 71"        [_thread_blocked, id=3060, stack(0x00000089bd200000,0x00000089bd300000) (1024K)]
  0x0000024859d8dc90 JavaThread "Unconstrained build operations Thread 72"        [_thread_blocked, id=18736, stack(0x00000089bd300000,0x00000089bd400000) (1024K)]
  0x00000248655f23a0 JavaThread "Unconstrained build operations Thread 73"        [_thread_blocked, id=25032, stack(0x00000089bd400000,0x00000089bd500000) (1024K)]
  0x00000248655f1680 JavaThread "Unconstrained build operations Thread 74"        [_thread_blocked, id=25296, stack(0x00000089bd500000,0x00000089bd600000) (1024K)]
  0x00000248655f1d10 JavaThread "Unconstrained build operations Thread 75"        [_thread_blocked, id=28620, stack(0x00000089bd600000,0x00000089bd700000) (1024K)]
  0x00000248655f2a30 JavaThread "Unconstrained build operations Thread 76"        [_thread_blocked, id=3008, stack(0x00000089bd700000,0x00000089bd800000) (1024K)]
  0x00000248655f0960 JavaThread "Unconstrained build operations Thread 77"        [_thread_blocked, id=16916, stack(0x00000089bd800000,0x00000089bd900000) (1024K)]
  0x00000248655f4470 JavaThread "Unconstrained build operations Thread 78"        [_thread_blocked, id=13332, stack(0x00000089bd900000,0x00000089bda00000) (1024K)]
  0x00000248655f0ff0 JavaThread "Unconstrained build operations Thread 79"        [_thread_blocked, id=13060, stack(0x00000089bda00000,0x00000089bdb00000) (1024K)]
  0x00000248655f7260 JavaThread "Unconstrained build operations Thread 80"        [_thread_blocked, id=5256, stack(0x00000089bdb00000,0x00000089bdc00000) (1024K)]
  0x00000248655f5190 JavaThread "Unconstrained build operations Thread 81"        [_thread_blocked, id=2912, stack(0x00000089bdc00000,0x00000089bdd00000) (1024K)]
  0x00000248655f4b00 JavaThread "Unconstrained build operations Thread 82"        [_thread_blocked, id=25984, stack(0x00000089bdd00000,0x00000089bde00000) (1024K)]
  0x00000248655f5820 JavaThread "Unconstrained build operations Thread 83"        [_thread_blocked, id=22636, stack(0x00000089bde00000,0x00000089bdf00000) (1024K)]
  0x00000248655f78f0 JavaThread "Unconstrained build operations Thread 84"        [_thread_blocked, id=18768, stack(0x00000089bdf00000,0x00000089be000000) (1024K)]
  0x00000248655f5eb0 JavaThread "Unconstrained build operations Thread 85"        [_thread_blocked, id=5396, stack(0x00000089be000000,0x00000089be100000) (1024K)]
  0x00000248655f7f80 JavaThread "Unconstrained build operations Thread 86"        [_thread_blocked, id=14208, stack(0x00000089be100000,0x00000089be200000) (1024K)]
  0x00000248549cdd50 JavaThread "Unconstrained build operations Thread 87"        [_thread_blocked, id=26876, stack(0x00000089be200000,0x00000089be300000) (1024K)]
  0x00000248549cea70 JavaThread "Unconstrained build operations Thread 88"        [_thread_blocked, id=2248, stack(0x00000089be300000,0x00000089be400000) (1024K)]
  0x00000248549cc310 JavaThread "Unconstrained build operations Thread 89"        [_thread_blocked, id=8772, stack(0x00000089be400000,0x00000089be500000) (1024K)]
  0x00000248549ce3e0 JavaThread "Unconstrained build operations Thread 90"        [_thread_blocked, id=18040, stack(0x00000089be500000,0x00000089be600000) (1024K)]
  0x00000248549cf790 JavaThread "Unconstrained build operations Thread 91"        [_thread_blocked, id=23380, stack(0x00000089be600000,0x00000089be700000) (1024K)]
  0x00000248549cf100 JavaThread "Unconstrained build operations Thread 92"        [_thread_blocked, id=25052, stack(0x00000089be700000,0x00000089be800000) (1024K)]
  0x00000248549cd030 JavaThread "Unconstrained build operations Thread 93"        [_thread_blocked, id=23812, stack(0x00000089be800000,0x00000089be900000) (1024K)]
  0x00000248549d0b40 JavaThread "Unconstrained build operations Thread 94"        [_thread_blocked, id=24512, stack(0x00000089be900000,0x00000089bea00000) (1024K)]
  0x00000248549cfe20 JavaThread "Unconstrained build operations Thread 95"        [_thread_blocked, id=9160, stack(0x00000089bea00000,0x00000089beb00000) (1024K)]
  0x00000248549d04b0 JavaThread "Unconstrained build operations Thread 96"        [_thread_blocked, id=16932, stack(0x00000089beb00000,0x00000089bec00000) (1024K)]
  0x00000248549d11d0 JavaThread "Unconstrained build operations Thread 97"        [_thread_blocked, id=23628, stack(0x00000089bec00000,0x00000089bed00000) (1024K)]
  0x00000248549d1ef0 JavaThread "Unconstrained build operations Thread 98"        [_thread_blocked, id=14356, stack(0x00000089bed00000,0x00000089bee00000) (1024K)]
  0x00000248549d2580 JavaThread "Unconstrained build operations Thread 99"        [_thread_blocked, id=15684, stack(0x00000089bee00000,0x00000089bef00000) (1024K)]
  0x000002485cdb3460 JavaThread "Unconstrained build operations Thread 100"        [_thread_blocked, id=27880, stack(0x00000089bef00000,0x00000089bf000000) (1024K)]
  0x000002485cdb4ea0 JavaThread "Unconstrained build operations Thread 101"        [_thread_blocked, id=2000, stack(0x00000089bf000000,0x00000089bf100000) (1024K)]
  0x000002485cdb2dd0 JavaThread "Unconstrained build operations Thread 102"        [_thread_blocked, id=27612, stack(0x00000089bf100000,0x00000089bf200000) (1024K)]
  0x000002485cdb3af0 JavaThread "Unconstrained build operations Thread 103"        [_thread_blocked, id=27032, stack(0x00000089bf200000,0x00000089bf300000) (1024K)]
  0x000002485cdb5530 JavaThread "Unconstrained build operations Thread 104"        [_thread_blocked, id=27856, stack(0x00000089bf300000,0x00000089bf400000) (1024K)]
  0x000002485cdb5bc0 JavaThread "Unconstrained build operations Thread 105"        [_thread_blocked, id=27100, stack(0x00000089bf400000,0x00000089bf500000) (1024K)]
  0x000002485cdb2740 JavaThread "Unconstrained build operations Thread 106"        [_thread_blocked, id=21892, stack(0x00000089bf500000,0x00000089bf600000) (1024K)]
  0x000002485cdb8320 JavaThread "WorkerExecutor Queue"              [_thread_blocked, id=22960, stack(0x00000089bf600000,0x00000089bf700000) (1024K)]
  0x0000024865ad8000 JavaThread "Unconstrained build operations Thread 107"        [_thread_blocked, id=4040, stack(0x00000089bf800000,0x00000089bf900000) (1024K)]
  0x0000024865ad5210 JavaThread "Unconstrained build operations Thread 108"        [_thread_blocked, id=7548, stack(0x00000089bfa00000,0x00000089bfb00000) (1024K)]
  0x0000024865ad4b80 JavaThread "Unconstrained build operations Thread 109"        [_thread_blocked, id=26292, stack(0x00000089bfd00000,0x00000089bfe00000) (1024K)]
  0x0000024865ad58a0 JavaThread "Unconstrained build operations Thread 110"        [_thread_blocked, id=24020, stack(0x00000089bfe00000,0x00000089bff00000) (1024K)]
  0x0000024865ad65c0 JavaThread "Unconstrained build operations Thread 111"        [_thread_blocked, id=26720, stack(0x00000089bff00000,0x00000089c0000000) (1024K)]
  0x0000024865ad6c50 JavaThread "Unconstrained build operations Thread 112"        [_thread_blocked, id=18836, stack(0x00000089c0000000,0x00000089c0100000) (1024K)]
  0x0000024865ad5f30 JavaThread "Unconstrained build operations Thread 113"        [_thread_blocked, id=26432, stack(0x00000089c0300000,0x00000089c0400000) (1024K)]
  0x0000024865ad7970 JavaThread "Unconstrained build operations Thread 114"        [_thread_blocked, id=26268, stack(0x00000089c0400000,0x00000089c0500000) (1024K)]
  0x000002485b0140d0 JavaThread "Unconstrained build operations Thread 115"        [_thread_blocked, id=24720, stack(0x00000089c0500000,0x00000089c0600000) (1024K)]
  0x000002485b012d20 JavaThread "Unconstrained build operations Thread 116"        [_thread_blocked, id=21864, stack(0x00000089c0600000,0x00000089c0700000) (1024K)]
  0x000002485b016830 JavaThread "Unconstrained build operations Thread 117"        [_thread_blocked, id=2060, stack(0x00000089c0700000,0x00000089c0800000) (1024K)]
  0x000002485bce3ee0 JavaThread "WorkerExecutor Queue Thread 2"        [_thread_blocked, id=24684, stack(0x00000089c0800000,0x00000089c0900000) (1024K)]
  0x000002485bce4570 JavaThread "Exec process Thread 22"            [_thread_blocked, id=15148, stack(0x00000089c0a00000,0x00000089c0b00000) (1024K)]
  0x000002485bce4c00 JavaThread "Exec process Thread 23"            [_thread_blocked, id=23100, stack(0x00000089c0c00000,0x00000089c0d00000) (1024K)]
  0x000002485bce5920 JavaThread "Exec process Thread 24"            [_thread_blocked, id=14632, stack(0x00000089c0d00000,0x00000089c0e00000) (1024K)]
  0x000002485bce6cd0 JavaThread "Exec process Thread 25"            [_thread_blocked, id=3284, stack(0x00000089c0e00000,0x00000089c0f00000) (1024K)]
  0x000002485a8d52c0 JavaThread "WorkerExecutor Queue Thread 3"        [_thread_blocked, id=28500, stack(0x00000089c1300000,0x00000089c1400000) (1024K)]
  0x000002485dd61360 JavaThread "RMI TCP Connection(idle)"   daemon [_thread_blocked, id=24732, stack(0x00000089c0900000,0x00000089c0a00000) (1024K)]
  0x000002485dd5dee0 JavaThread "RMI TCP Connection(idle)"   daemon [_thread_blocked, id=17736, stack(0x00000089c0b00000,0x00000089c0c00000) (1024K)]
  0x000002485dd5f290 JavaThread "RMI TCP Connection(idle)"   daemon [_thread_blocked, id=18884, stack(0x00000089c0f00000,0x00000089c1000000) (1024K)]
  0x000002485bce24a0 JavaThread "RMI TCP Connection(idle)"   daemon [_thread_blocked, id=12632, stack(0x00000089c1000000,0x00000089c1100000) (1024K)]
  0x000002485bce79f0 JavaThread "RMI TCP Connection(idle)"   daemon [_thread_blocked, id=18800, stack(0x00000089c1100000,0x00000089c1200000) (1024K)]
  0x000002485de226b0 JavaThread "Unconstrained build operations Thread 118"        [_thread_blocked, id=1956, stack(0x00000089c1400000,0x00000089c1500000) (1024K)]
  0x000002486e11c6f0 JavaThread "Cache worker for Java compile cache (C:\Users\vadit\.gradle\caches\9.1.0\javaCompile)"        [_thread_blocked, id=14804, stack(0x00000089bf700000,0x00000089bf800000) (1024K)]
  0x000002486e120f20 JavaThread "Build operations"                  [_thread_blocked, id=28484, stack(0x00000089c1200000,0x00000089c1300000) (1024K)]
  0x000002486e1215b0 JavaThread "Build operations Thread 2"         [_thread_blocked, id=26316, stack(0x00000089c1b00000,0x00000089c1c00000) (1024K)]
  0x000002486e121c40 JavaThread "Build operations Thread 3"         [_thread_blocked, id=7172, stack(0x00000089c1c00000,0x00000089c1d00000) (1024K)]
  0x000002486e120890 JavaThread "Build operations Thread 4"         [_thread_blocked, id=23964, stack(0x00000089c1d00000,0x00000089c1e00000) (1024K)]
  0x000002486e11e7c0 JavaThread "Build operations Thread 5"         [_thread_blocked, id=10512, stack(0x00000089c1e00000,0x00000089c1f00000) (1024K)]
  0x000002486e1222d0 JavaThread "Build operations Thread 6"         [_thread_blocked, id=25972, stack(0x00000089c1f00000,0x00000089c2000000) (1024K)]
  0x000002486e11ee50 JavaThread "Build operations Thread 7"         [_thread_blocked, id=25860, stack(0x00000089c2200000,0x00000089c2300000) (1024K)]
  0x000002486e123680 JavaThread "Build operations Thread 8"         [_thread_blocked, id=13012, stack(0x00000089c2300000,0x00000089c2400000) (1024K)]
  0x000002486e125de0 JavaThread "Build operations Thread 9"         [_thread_blocked, id=2052, stack(0x00000089c2400000,0x00000089c2500000) (1024K)]
  0x000002486e122960 JavaThread "Build operations Thread 10"        [_thread_blocked, id=21776, stack(0x00000089c2500000,0x00000089c2600000) (1024K)]
  0x000002486e126470 JavaThread "Build operations Thread 11"        [_thread_blocked, id=28052, stack(0x00000089c2600000,0x00000089c2700000) (1024K)]
  0x000002486e11b340 JavaThread "Unconstrained build operations Thread 119"        [_thread_blocked, id=27568, stack(0x00000089b9d00000,0x00000089b9e00000) (1024K)]
  0x000002486e117ec0 JavaThread "Unconstrained build operations Thread 120"        [_thread_blocked, id=28468, stack(0x00000089c2800000,0x00000089c2900000) (1024K)]
  0x0000024865a283d0 JavaThread "WorkerExecutor Queue Thread 4"        [_thread_blocked, id=17672, stack(0x00000089c1700000,0x00000089c1800000) (1024K)]
  0x0000024868439520 JavaThread "Build operations Thread 12"        [_thread_blocked, id=25312, stack(0x00000089c1500000,0x00000089c1600000) (1024K)]
  0x000002486843a8d0 JavaThread "WorkerExecutor Queue Thread 5"        [_thread_blocked, id=18224, stack(0x00000089c1800000,0x00000089c1900000) (1024K)]
  0x000002486841c9c0 JavaThread "WorkerExecutor Queue Thread 6"        [_thread_blocked, id=27068, stack(0x00000089b9800000,0x00000089b9900000) (1024K)]
  0x0000024865682e30 JavaThread "C2 CompilerThread1"         daemon [_thread_blocked, id=27400, stack(0x00000089b9900000,0x00000089b9a00000) (1024K)]
  0x0000024868426740 JavaThread "WorkerExecutor Queue Thread 7"        [_thread_blocked, id=12692, stack(0x00000089c1600000,0x00000089c1700000) (1024K)]
  0x000002486842a250 JavaThread "WorkerExecutor Queue Thread 8"        [_thread_blocked, id=5524, stack(0x00000089c1900000,0x00000089c1a00000) (1024K)]
  0x000002486842b600 JavaThread "WorkerExecutor Queue Thread 9"        [_thread_blocked, id=25728, stack(0x00000089c1a00000,0x00000089c1b00000) (1024K)]
  0x0000024868428ea0 JavaThread "WorkerExecutor Queue Thread 10"        [_thread_blocked, id=27072, stack(0x00000089c2700000,0x00000089c2800000) (1024K)]
  0x0000024868429530 JavaThread "WorkerExecutor Queue Thread 11"        [_thread_blocked, id=23060, stack(0x00000089c2900000,0x00000089c2a00000) (1024K)]
  0x0000024868428180 JavaThread "WorkerExecutor Queue Thread 12"        [_thread_blocked, id=8400, stack(0x00000089c2a00000,0x00000089c2b00000) (1024K)]
  0x0000024865687ff0 JavaThread "C2 CompilerThread2"         daemon [_thread_blocked, id=17480, stack(0x00000089c2b00000,0x00000089c2c00000) (1024K)]
Total: 246

Other Threads:
=>0x00000248541b4c00 VMThread "VM Thread"                           [id=24724, stack(0x00000089b2b00000,0x00000089b2c00000) (1024K)]
  0x0000024854171230 WatcherThread "VM Periodic Task Thread"        [id=7260, stack(0x00000089b2a00000,0x00000089b2b00000) (1024K)]
  0x0000024837a518d0 WorkerThread "GC Thread#0"                     [id=25324, stack(0x00000089b2500000,0x00000089b2600000) (1024K)]
  0x00000248591c9f40 WorkerThread "GC Thread#1"                     [id=26188, stack(0x00000089b3600000,0x00000089b3700000) (1024K)]
  0x00000248591e3990 WorkerThread "GC Thread#2"                     [id=27500, stack(0x00000089b3700000,0x00000089b3800000) (1024K)]
  0x0000024859ad6cc0 WorkerThread "GC Thread#3"                     [id=27504, stack(0x00000089b3900000,0x00000089b3a00000) (1024K)]
  0x0000024859f04a20 WorkerThread "GC Thread#4"                     [id=26632, stack(0x00000089b3a00000,0x00000089b3b00000) (1024K)]
  0x000002485a9956c0 WorkerThread "GC Thread#5"                     [id=26524, stack(0x00000089b3c00000,0x00000089b3d00000) (1024K)]
  0x000002485a994100 WorkerThread "GC Thread#6"                     [id=26516, stack(0x00000089b3d00000,0x00000089b3e00000) (1024K)]
  0x000002485a995320 WorkerThread "GC Thread#7"                     [id=26520, stack(0x00000089b3e00000,0x00000089b3f00000) (1024K)]
  0x000002485a994f80 WorkerThread "GC Thread#8"                     [id=28388, stack(0x00000089b3f00000,0x00000089b4000000) (1024K)]
  0x000002485a993d60 WorkerThread "GC Thread#9"                     [id=5992, stack(0x00000089b4000000,0x00000089b4100000) (1024K)]
  0x0000024837a5e7c0 ConcurrentGCThread "G1 Main Marker"            [id=24412, stack(0x00000089b2600000,0x00000089b2700000) (1024K)]
  0x0000024837a5f1d0 WorkerThread "G1 Conc#0"                       [id=22764, stack(0x00000089b2700000,0x00000089b2800000) (1024K)]
  0x000002485a994be0 WorkerThread "G1 Conc#1"                       [id=18280, stack(0x00000089b4800000,0x00000089b4900000) (1024K)]
  0x000002485a9944a0 WorkerThread "G1 Conc#2"                       [id=3064, stack(0x00000089b4900000,0x00000089b4a00000) (1024K)]
  0x0000024837a8e6e0 ConcurrentGCThread "G1 Refine#0"               [id=4368, stack(0x00000089b2800000,0x00000089b2900000) (1024K)]
  0x00000248540478e0 ConcurrentGCThread "G1 Service"                [id=14120, stack(0x00000089b2900000,0x00000089b2a00000) (1024K)]
Total: 18

Threads with active compile tasks:
C2 CompilerThread0  2066482 44956       4       com.android.tools.r8.internal.ry2::a (500 bytes)
C1 CompilerThread0  2066482 44972       3       com.android.tools.r8.internal.ro1::a (140 bytes)
C2 CompilerThread1  2066482 43779 %     4       com.android.tools.r8.internal.sh1::d @ 98 (186 bytes)
C2 CompilerThread2  2066482 44672       4       com.android.tools.r8.internal.t52::c (803 bytes)
Total: 4

VM state: at safepoint (normal execution)

VM Mutex/Monitor currently owned by a thread:  ([mutex/lock_event])
[0x00007ffd9e3185b8] Threads_lock - owner thread: 0x00000248541b4c00
[0x00007ffd9e3186b8] Heap_lock - owner thread: 0x0000024868426740

Heap address: 0x0000000680000000, size: 6144 MB, Compressed Oops mode: Zero based, Oop shift amount: 3

CDS archive(s) not mapped
Compressed class space mapped at: 0x0000000800000000-0x0000000840000000, reserved size: 1073741824
Narrow klass base: 0x0000000800000000, Narrow klass shift: 0, Narrow klass range: 0x40000000

GC Precious Log:
 CardTable entry size: 512
 Card Set container configuration: InlinePtr #cards 4 size 8 Array Of Cards #cards 32 size 80 Howl #buckets 8 coarsen threshold 7372 Howl Bitmap #cards 1024 size 144 coarsen threshold 921 Card regions per heap region 1 cards per card region 8192
 CPUs: 12 total, 12 available
 Memory: 7381M
 Large Page Support: Disabled
 NUMA Support: Disabled
 Compressed Oops: Enabled (Zero based)
 Heap Region Size: 4M
 Heap Min Capacity: 8M
 Heap Initial Capacity: 116M
 Heap Max Capacity: 6G
 Pre-touch: Disabled
 Parallel Workers: 10
 Concurrent Workers: 3
 Concurrent Refinement Workers: 10
 Periodic GC: Disabled

Heap:
 garbage-first heap   total 774144K, used 418496K [0x0000000680000000, 0x0000000800000000)
  region size 4096K, 4 young (16384K), 4 survivors (16384K)
 Metaspace       used 245791K, committed 249216K, reserved 1310720K
  class space    used 33402K, committed 35072K, reserved 1048576K

Heap Regions: E=young(eden), S=young(survivor), O=old, HS=humongous(starts), HC=humongous(continues), CS=collection set, F=free, TAMS=top-at-mark-start, PB=parsable bottom
|   0|0x0000000680000000, 0x0000000680400000, 0x0000000680400000|100%|HS|  |TAMS 0x0000000680000000| PB 0x0000000680000000| Complete 
|   1|0x0000000680400000, 0x0000000680800000, 0x0000000680800000|100%| O|  |TAMS 0x0000000680400000| PB 0x0000000680400000| Untracked 
|   2|0x0000000680800000, 0x0000000680c00000, 0x0000000680c00000|100%| O|  |TAMS 0x0000000680800000| PB 0x0000000680800000| Untracked 
|   3|0x0000000680c00000, 0x0000000681000000, 0x0000000681000000|100%| O|  |TAMS 0x0000000680c00000| PB 0x0000000680c00000| Untracked 
|   4|0x0000000681000000, 0x0000000681400000, 0x0000000681400000|100%| O|  |TAMS 0x0000000681000000| PB 0x0000000681000000| Untracked 
|   5|0x0000000681400000, 0x0000000681800000, 0x0000000681800000|100%| O|  |TAMS 0x0000000681400000| PB 0x0000000681400000| Untracked 
|   6|0x0000000681800000, 0x0000000681c00000, 0x0000000681c00000|100%|HS|  |TAMS 0x0000000681800000| PB 0x0000000681800000| Complete 
|   7|0x0000000681c00000, 0x0000000682000000, 0x0000000682000000|100%|HC|  |TAMS 0x0000000681c00000| PB 0x0000000681c00000| Complete 
|   8|0x0000000682000000, 0x0000000682400000, 0x0000000682400000|100%|HS|  |TAMS 0x0000000682000000| PB 0x0000000682000000| Complete 
|   9|0x0000000682400000, 0x0000000682800000, 0x0000000682800000|100%|HS|  |TAMS 0x0000000682400000| PB 0x0000000682400000| Complete 
|  10|0x0000000682800000, 0x0000000682c00000, 0x0000000682c00000|100%|HC|  |TAMS 0x0000000682800000| PB 0x0000000682800000| Complete 
|  11|0x0000000682c00000, 0x0000000683000000, 0x0000000683000000|100%|HS|  |TAMS 0x0000000682c00000| PB 0x0000000682c00000| Complete 
|  12|0x0000000683000000, 0x0000000683400000, 0x0000000683400000|100%| O|  |TAMS 0x0000000683000000| PB 0x0000000683000000| Untracked 
|  13|0x0000000683400000, 0x0000000683800000, 0x0000000683800000|100%| O|  |TAMS 0x0000000683400000| PB 0x0000000683400000| Untracked 
|  14|0x0000000683800000, 0x0000000683c00000, 0x0000000683c00000|100%| O|  |TAMS 0x0000000683800000| PB 0x0000000683800000| Untracked 
|  15|0x0000000683c00000, 0x0000000684000000, 0x0000000684000000|100%| O|  |TAMS 0x0000000683c00000| PB 0x0000000683c00000| Untracked 
|  16|0x0000000684000000, 0x0000000684400000, 0x0000000684400000|100%| O|  |TAMS 0x0000000684000000| PB 0x0000000684000000| Untracked 
|  17|0x0000000684400000, 0x0000000684800000, 0x0000000684800000|100%| O|  |TAMS 0x0000000684400000| PB 0x0000000684400000| Untracked 
|  18|0x0000000684800000, 0x0000000684c00000, 0x0000000684c00000|100%| O|  |TAMS 0x0000000684800000| PB 0x0000000684800000| Untracked 
|  19|0x0000000684c00000, 0x0000000685000000, 0x0000000685000000|100%|HS|  |TAMS 0x0000000684c00000| PB 0x0000000684c00000| Complete 
|  20|0x0000000685000000, 0x0000000685400000, 0x0000000685400000|100%|HC|  |TAMS 0x0000000685000000| PB 0x0000000685000000| Complete 
|  21|0x0000000685400000, 0x0000000685800000, 0x0000000685800000|100%| O|  |TAMS 0x0000000685400000| PB 0x0000000685400000| Untracked 
|  22|0x0000000685800000, 0x0000000685c00000, 0x0000000685c00000|100%| O|  |TAMS 0x0000000685800000| PB 0x0000000685800000| Untracked 
|  23|0x0000000685c00000, 0x0000000686000000, 0x0000000686000000|100%| O|  |TAMS 0x0000000685c00000| PB 0x0000000685c00000| Untracked 
|  24|0x0000000686000000, 0x0000000686400000, 0x0000000686400000|100%| O|  |TAMS 0x0000000686000000| PB 0x0000000686000000| Untracked 
|  25|0x0000000686400000, 0x0000000686800000, 0x0000000686800000|100%| O|  |TAMS 0x0000000686400000| PB 0x0000000686400000| Untracked 
|  26|0x0000000686800000, 0x0000000686c00000, 0x0000000686c00000|100%|HS|  |TAMS 0x0000000686800000| PB 0x0000000686800000| Complete 
|  27|0x0000000686c00000, 0x0000000687000000, 0x0000000687000000|100%|HC|  |TAMS 0x0000000686c00000| PB 0x0000000686c00000| Complete 
|  28|0x0000000687000000, 0x0000000687400000, 0x0000000687400000|100%| O|  |TAMS 0x0000000687000000| PB 0x0000000687000000| Untracked 
|  29|0x0000000687400000, 0x0000000687800000, 0x0000000687800000|100%| O|  |TAMS 0x0000000687400000| PB 0x0000000687400000| Untracked 
|  30|0x0000000687800000, 0x0000000687c00000, 0x0000000687c00000|100%| O|  |TAMS 0x0000000687800000| PB 0x0000000687800000| Untracked 
|  31|0x0000000687c00000, 0x0000000688000000, 0x0000000688000000|100%| O|  |TAMS 0x0000000687c00000| PB 0x0000000687c00000| Untracked 
|  32|0x0000000688000000, 0x0000000688400000, 0x0000000688400000|100%| O|  |TAMS 0x0000000688000000| PB 0x0000000688000000| Untracked 
|  33|0x0000000688400000, 0x0000000688800000, 0x0000000688800000|100%| O|  |TAMS 0x0000000688400000| PB 0x0000000688400000| Untracked 
|  34|0x0000000688800000, 0x0000000688c00000, 0x0000000688c00000|100%| O|  |TAMS 0x0000000688800000| PB 0x0000000688800000| Untracked 
|  35|0x0000000688c00000, 0x0000000689000000, 0x0000000689000000|100%| O|  |TAMS 0x0000000688c00000| PB 0x0000000688c00000| Untracked 
|  36|0x0000000689000000, 0x0000000689400000, 0x0000000689400000|100%| O|  |TAMS 0x0000000689000000| PB 0x0000000689000000| Untracked 
|  37|0x0000000689400000, 0x0000000689800000, 0x0000000689800000|100%| O|  |TAMS 0x0000000689400000| PB 0x0000000689400000| Untracked 
|  38|0x0000000689800000, 0x0000000689c00000, 0x0000000689c00000|100%| O|  |TAMS 0x0000000689800000| PB 0x0000000689800000| Untracked 
|  39|0x0000000689c00000, 0x000000068a000000, 0x000000068a000000|100%| O|  |TAMS 0x0000000689c00000| PB 0x0000000689c00000| Untracked 
|  40|0x000000068a000000, 0x000000068a400000, 0x000000068a400000|100%| O|  |TAMS 0x000000068a000000| PB 0x000000068a000000| Untracked 
|  41|0x000000068a400000, 0x000000068a800000, 0x000000068a800000|100%| O|  |TAMS 0x000000068a400000| PB 0x000000068a400000| Untracked 
|  42|0x000000068a800000, 0x000000068ac00000, 0x000000068ac00000|100%| O|  |TAMS 0x000000068a800000| PB 0x000000068a800000| Untracked 
|  43|0x000000068ac00000, 0x000000068b000000, 0x000000068b000000|100%| O|  |TAMS 0x000000068ac00000| PB 0x000000068ac00000| Untracked 
|  44|0x000000068b000000, 0x000000068b400000, 0x000000068b400000|100%| O|  |TAMS 0x000000068b000000| PB 0x000000068b000000| Untracked 
|  45|0x000000068b400000, 0x000000068b800000, 0x000000068b800000|100%| O|  |TAMS 0x000000068b400000| PB 0x000000068b400000| Untracked 
|  46|0x000000068b800000, 0x000000068bc00000, 0x000000068bc00000|100%| O|  |TAMS 0x000000068b800000| PB 0x000000068b800000| Untracked 
|  47|0x000000068bc00000, 0x000000068c000000, 0x000000068c000000|100%| O|  |TAMS 0x000000068bc00000| PB 0x000000068bc00000| Untracked 
|  48|0x000000068c000000, 0x000000068c400000, 0x000000068c400000|100%| O|  |TAMS 0x000000068c000000| PB 0x000000068c000000| Untracked 
|  49|0x000000068c400000, 0x000000068c800000, 0x000000068c800000|100%| O|  |TAMS 0x000000068c400000| PB 0x000000068c400000| Untracked 
|  50|0x000000068c800000, 0x000000068cc00000, 0x000000068cc00000|100%| O|  |TAMS 0x000000068c800000| PB 0x000000068c800000| Untracked 
|  51|0x000000068cc00000, 0x000000068d000000, 0x000000068d000000|100%| O|  |TAMS 0x000000068cc00000| PB 0x000000068cc00000| Untracked 
|  52|0x000000068d000000, 0x000000068d400000, 0x000000068d400000|100%| O|  |TAMS 0x000000068d000000| PB 0x000000068d000000| Untracked 
|  53|0x000000068d400000, 0x000000068d800000, 0x000000068d800000|100%| O|  |TAMS 0x000000068d400000| PB 0x000000068d400000| Untracked 
|  54|0x000000068d800000, 0x000000068dc00000, 0x000000068dc00000|100%| O|  |TAMS 0x000000068d800000| PB 0x000000068d800000| Untracked 
|  55|0x000000068dc00000, 0x000000068e000000, 0x000000068e000000|100%| O|  |TAMS 0x000000068dc00000| PB 0x000000068dc00000| Untracked 
|  56|0x000000068e000000, 0x000000068e400000, 0x000000068e400000|100%| O|  |TAMS 0x000000068e000000| PB 0x000000068e000000| Untracked 
|  57|0x000000068e400000, 0x000000068e800000, 0x000000068e800000|100%| O|  |TAMS 0x000000068e400000| PB 0x000000068e400000| Untracked 
|  58|0x000000068e800000, 0x000000068ec00000, 0x000000068ec00000|100%| O|  |TAMS 0x000000068e800000| PB 0x000000068e800000| Untracked 
|  59|0x000000068ec00000, 0x000000068f000000, 0x000000068f000000|100%| O|  |TAMS 0x000000068ec00000| PB 0x000000068ec00000| Untracked 
|  60|0x000000068f000000, 0x000000068f400000, 0x000000068f400000|100%| O|  |TAMS 0x000000068f000000| PB 0x000000068f000000| Untracked 
|  61|0x000000068f400000, 0x000000068f800000, 0x000000068f800000|100%| O|  |TAMS 0x000000068f400000| PB 0x000000068f400000| Untracked 
|  62|0x000000068f800000, 0x000000068fc00000, 0x000000068fc00000|100%| O|  |TAMS 0x000000068f800000| PB 0x000000068f800000| Untracked 
|  63|0x000000068fc00000, 0x0000000690000000, 0x0000000690000000|100%| O|  |TAMS 0x000000068fc00000| PB 0x000000068fc00000| Untracked 
|  64|0x0000000690000000, 0x0000000690400000, 0x0000000690400000|100%| O|  |TAMS 0x0000000690000000| PB 0x0000000690000000| Untracked 
|  65|0x0000000690400000, 0x0000000690800000, 0x0000000690800000|100%| O|  |TAMS 0x0000000690400000| PB 0x0000000690400000| Untracked 
|  66|0x0000000690800000, 0x0000000690c00000, 0x0000000690c00000|100%| O|  |TAMS 0x0000000690800000| PB 0x0000000690800000| Untracked 
|  67|0x0000000690c00000, 0x0000000691000000, 0x0000000691000000|100%| O|  |TAMS 0x0000000690c00000| PB 0x0000000690c00000| Untracked 
|  68|0x0000000691000000, 0x0000000691400000, 0x0000000691400000|100%| O|  |TAMS 0x0000000691000000| PB 0x0000000691000000| Untracked 
|  69|0x0000000691400000, 0x0000000691800000, 0x0000000691800000|100%| O|  |TAMS 0x0000000691400000| PB 0x0000000691400000| Untracked 
|  70|0x0000000691800000, 0x0000000691c00000, 0x0000000691c00000|100%| O|  |TAMS 0x0000000691800000| PB 0x0000000691800000| Untracked 
|  71|0x0000000691c00000, 0x0000000692000000, 0x0000000692000000|100%| O|  |TAMS 0x0000000691c00000| PB 0x0000000691c00000| Untracked 
|  72|0x0000000692000000, 0x0000000692400000, 0x0000000692400000|100%| O|  |TAMS 0x0000000692000000| PB 0x0000000692000000| Untracked 
|  73|0x0000000692400000, 0x0000000692800000, 0x0000000692800000|100%| O|  |TAMS 0x0000000692400000| PB 0x0000000692400000| Untracked 
|  74|0x0000000692800000, 0x0000000692c00000, 0x0000000692c00000|100%| O|  |TAMS 0x0000000692800000| PB 0x0000000692800000| Untracked 
|  75|0x0000000692c00000, 0x0000000693000000, 0x0000000693000000|100%| O|  |TAMS 0x0000000692c00000| PB 0x0000000692c00000| Untracked 
|  76|0x0000000693000000, 0x0000000693400000, 0x0000000693400000|100%| O|  |TAMS 0x0000000693000000| PB 0x0000000693000000| Untracked 
|  77|0x0000000693400000, 0x0000000693800000, 0x0000000693800000|100%| O|  |TAMS 0x0000000693400000| PB 0x0000000693400000| Untracked 
|  78|0x0000000693800000, 0x0000000693c00000, 0x0000000693c00000|100%| O|  |TAMS 0x0000000693800000| PB 0x0000000693800000| Untracked 
|  79|0x0000000693c00000, 0x0000000694000000, 0x0000000694000000|100%| O|  |TAMS 0x0000000693c00000| PB 0x0000000693c00000| Untracked 
|  80|0x0000000694000000, 0x0000000694400000, 0x0000000694400000|100%| O|  |TAMS 0x0000000694000000| PB 0x0000000694000000| Untracked 
|  81|0x0000000694400000, 0x0000000694800000, 0x0000000694800000|100%| O|  |TAMS 0x0000000694400000| PB 0x0000000694400000| Untracked 
|  82|0x0000000694800000, 0x0000000694800000, 0x0000000694c00000|  0%| F|  |TAMS 0x0000000694800000| PB 0x0000000694800000| Untracked 
|  83|0x0000000694c00000, 0x0000000694c00000, 0x0000000695000000|  0%| F|  |TAMS 0x0000000694c00000| PB 0x0000000694c00000| Untracked 
|  84|0x0000000695000000, 0x0000000695400000, 0x0000000695400000|100%| O|  |TAMS 0x0000000695000000| PB 0x0000000695000000| Untracked 
|  85|0x0000000695400000, 0x0000000695800000, 0x0000000695800000|100%| O|  |TAMS 0x0000000695400000| PB 0x0000000695400000| Untracked 
|  86|0x0000000695800000, 0x0000000695c00000, 0x0000000695c00000|100%| O|  |TAMS 0x0000000695800000| PB 0x0000000695800000| Untracked 
|  87|0x0000000695c00000, 0x0000000695c00000, 0x0000000696000000|  0%| F|  |TAMS 0x0000000695c00000| PB 0x0000000695c00000| Untracked 
|  88|0x0000000696000000, 0x0000000696400000, 0x0000000696400000|100%| O|  |TAMS 0x0000000696000000| PB 0x0000000696000000| Untracked 
|  89|0x0000000696400000, 0x0000000696800000, 0x0000000696800000|100%| O|  |TAMS 0x0000000696400000| PB 0x0000000696400000| Untracked 
|  90|0x0000000696800000, 0x0000000696800000, 0x0000000696c00000|  0%| F|  |TAMS 0x0000000696800000| PB 0x0000000696800000| Untracked 
|  91|0x0000000696c00000, 0x0000000696c00000, 0x0000000697000000|  0%| F|  |TAMS 0x0000000696c00000| PB 0x0000000696c00000| Untracked 
|  92|0x0000000697000000, 0x0000000697400000, 0x0000000697400000|100%| O|  |TAMS 0x0000000697000000| PB 0x0000000697000000| Untracked 
|  93|0x0000000697400000, 0x0000000697800000, 0x0000000697800000|100%| O|  |TAMS 0x0000000697400000| PB 0x0000000697400000| Untracked 
|  94|0x0000000697800000, 0x0000000697c00000, 0x0000000697c00000|100%| O|  |TAMS 0x0000000697800000| PB 0x0000000697800000| Untracked 
|  95|0x0000000697c00000, 0x0000000698000000, 0x0000000698000000|100%| O|  |TAMS 0x0000000697c00000| PB 0x0000000697c00000| Untracked 
|  96|0x0000000698000000, 0x0000000698400000, 0x0000000698400000|100%| O|  |TAMS 0x0000000698000000| PB 0x0000000698000000| Untracked 
|  97|0x0000000698400000, 0x0000000698400000, 0x0000000698800000|  0%| F|  |TAMS 0x0000000698400000| PB 0x0000000698400000| Untracked 
|  98|0x0000000698800000, 0x0000000698c00000, 0x0000000698c00000|100%| O|  |TAMS 0x0000000698800000| PB 0x0000000698800000| Untracked 
|  99|0x0000000698c00000, 0x0000000698c00000, 0x0000000699000000|  0%| F|  |TAMS 0x0000000698c00000| PB 0x0000000698c00000| Untracked 
| 100|0x0000000699000000, 0x0000000699000000, 0x0000000699400000|  0%| F|  |TAMS 0x0000000699000000| PB 0x0000000699000000| Untracked 
| 101|0x0000000699400000, 0x0000000699400000, 0x0000000699800000|  0%| F|  |TAMS 0x0000000699400000| PB 0x0000000699400000| Untracked 
| 102|0x0000000699800000, 0x0000000699800000, 0x0000000699c00000|  0%| F|  |TAMS 0x0000000699800000| PB 0x0000000699800000| Untracked 
| 103|0x0000000699c00000, 0x0000000699c00000, 0x000000069a000000|  0%| F|  |TAMS 0x0000000699c00000| PB 0x0000000699c00000| Untracked 
| 104|0x000000069a000000, 0x000000069a04d020, 0x000000069a400000|  7%| O|  |TAMS 0x000000069a000000| PB 0x000000069a000000| Untracked 
| 105|0x000000069a400000, 0x000000069a400000, 0x000000069a800000|  0%| F|  |TAMS 0x000000069a400000| PB 0x000000069a400000| Untracked 
| 106|0x000000069a800000, 0x000000069a800000, 0x000000069ac00000|  0%| F|  |TAMS 0x000000069a800000| PB 0x000000069a800000| Untracked 
| 107|0x000000069ac00000, 0x000000069b000000, 0x000000069b000000|100%| O|  |TAMS 0x000000069ac00000| PB 0x000000069ac00000| Untracked 
| 108|0x000000069b000000, 0x000000069b400000, 0x000000069b400000|100%| O|  |TAMS 0x000000069b000000| PB 0x000000069b000000| Untracked 
| 109|0x000000069b400000, 0x000000069b400000, 0x000000069b800000|  0%| F|  |TAMS 0x000000069b400000| PB 0x000000069b400000| Untracked 
| 110|0x000000069b800000, 0x000000069b800000, 0x000000069bc00000|  0%| F|  |TAMS 0x000000069b800000| PB 0x000000069b800000| Untracked 
| 111|0x000000069bc00000, 0x000000069bc00000, 0x000000069c000000|  0%| F|  |TAMS 0x000000069bc00000| PB 0x000000069bc00000| Untracked 
| 112|0x000000069c000000, 0x000000069c000000, 0x000000069c400000|  0%| F|  |TAMS 0x000000069c000000| PB 0x000000069c000000| Untracked 
| 113|0x000000069c400000, 0x000000069c400000, 0x000000069c800000|  0%| F|  |TAMS 0x000000069c400000| PB 0x000000069c400000| Untracked 
| 114|0x000000069c800000, 0x000000069c863300, 0x000000069cc00000|  9%| S|CS|TAMS 0x000000069c800000| PB 0x000000069c800000| Complete 
| 115|0x000000069cc00000, 0x000000069d000000, 0x000000069d000000|100%| S|CS|TAMS 0x000000069cc00000| PB 0x000000069cc00000| Complete 
| 116|0x000000069d000000, 0x000000069d400000, 0x000000069d400000|100%| S|CS|TAMS 0x000000069d000000| PB 0x000000069d000000| Complete 
| 117|0x000000069d400000, 0x000000069d800000, 0x000000069d800000|100%| S|CS|TAMS 0x000000069d400000| PB 0x000000069d400000| Complete 
| 118|0x000000069d800000, 0x000000069d800000, 0x000000069dc00000|  0%| F|  |TAMS 0x000000069d800000| PB 0x000000069d800000| Untracked 
| 119|0x000000069dc00000, 0x000000069dc00000, 0x000000069e000000|  0%| F|  |TAMS 0x000000069dc00000| PB 0x000000069dc00000| Untracked 
| 120|0x000000069e000000, 0x000000069e000000, 0x000000069e400000|  0%| F|  |TAMS 0x000000069e000000| PB 0x000000069e000000| Untracked 
| 121|0x000000069e400000, 0x000000069e400000, 0x000000069e800000|  0%| F|  |TAMS 0x000000069e400000| PB 0x000000069e400000| Untracked 
| 122|0x000000069e800000, 0x000000069e800000, 0x000000069ec00000|  0%| F|  |TAMS 0x000000069e800000| PB 0x000000069e800000| Untracked 
| 123|0x000000069ec00000, 0x000000069ec00000, 0x000000069f000000|  0%| F|  |TAMS 0x000000069ec00000| PB 0x000000069ec00000| Untracked 
| 124|0x000000069f000000, 0x000000069f000000, 0x000000069f400000|  0%| F|  |TAMS 0x000000069f000000| PB 0x000000069f000000| Untracked 
| 125|0x000000069f400000, 0x000000069f400000, 0x000000069f800000|  0%| F|  |TAMS 0x000000069f400000| PB 0x000000069f400000| Untracked 
| 126|0x000000069f800000, 0x000000069f800000, 0x000000069fc00000|  0%| F|  |TAMS 0x000000069f800000| PB 0x000000069f800000| Untracked 
| 127|0x000000069fc00000, 0x000000069fc00000, 0x00000006a0000000|  0%| F|  |TAMS 0x000000069fc00000| PB 0x000000069fc00000| Untracked 
| 128|0x00000006a0000000, 0x00000006a0000000, 0x00000006a0400000|  0%| F|  |TAMS 0x00000006a0000000| PB 0x00000006a0000000| Untracked 
| 129|0x00000006a0400000, 0x00000006a0400000, 0x00000006a0800000|  0%| F|  |TAMS 0x00000006a0400000| PB 0x00000006a0400000| Untracked 
| 130|0x00000006a0800000, 0x00000006a0800000, 0x00000006a0c00000|  0%| F|  |TAMS 0x00000006a0800000| PB 0x00000006a0800000| Untracked 
| 131|0x00000006a0c00000, 0x00000006a0c00000, 0x00000006a1000000|  0%| F|  |TAMS 0x00000006a0c00000| PB 0x00000006a0c00000| Untracked 
| 132|0x00000006a1000000, 0x00000006a1000000, 0x00000006a1400000|  0%| F|  |TAMS 0x00000006a1000000| PB 0x00000006a1000000| Untracked 
| 133|0x00000006a1400000, 0x00000006a1400000, 0x00000006a1800000|  0%| F|  |TAMS 0x00000006a1400000| PB 0x00000006a1400000| Untracked 
| 134|0x00000006a1800000, 0x00000006a1800000, 0x00000006a1c00000|  0%| F|  |TAMS 0x00000006a1800000| PB 0x00000006a1800000| Untracked 
| 135|0x00000006a1c00000, 0x00000006a1c00000, 0x00000006a2000000|  0%| F|  |TAMS 0x00000006a1c00000| PB 0x00000006a1c00000| Untracked 
| 136|0x00000006a2000000, 0x00000006a2000000, 0x00000006a2400000|  0%| F|  |TAMS 0x00000006a2000000| PB 0x00000006a2000000| Untracked 
| 137|0x00000006a2400000, 0x00000006a2400000, 0x00000006a2800000|  0%| F|  |TAMS 0x00000006a2400000| PB 0x00000006a2400000| Untracked 
| 138|0x00000006a2800000, 0x00000006a2800000, 0x00000006a2c00000|  0%| F|  |TAMS 0x00000006a2800000| PB 0x00000006a2800000| Untracked 
| 139|0x00000006a2c00000, 0x00000006a2c00000, 0x00000006a3000000|  0%| F|  |TAMS 0x00000006a2c00000| PB 0x00000006a2c00000| Untracked 
| 140|0x00000006a3000000, 0x00000006a3000000, 0x00000006a3400000|  0%| F|  |TAMS 0x00000006a3000000| PB 0x00000006a3000000| Untracked 
| 141|0x00000006a3400000, 0x00000006a3400000, 0x00000006a3800000|  0%| F|  |TAMS 0x00000006a3400000| PB 0x00000006a3400000| Untracked 
| 142|0x00000006a3800000, 0x00000006a3800000, 0x00000006a3c00000|  0%| F|  |TAMS 0x00000006a3800000| PB 0x00000006a3800000| Untracked 
| 143|0x00000006a3c00000, 0x00000006a3c00000, 0x00000006a4000000|  0%| F|  |TAMS 0x00000006a3c00000| PB 0x00000006a3c00000| Untracked 
| 144|0x00000006a4000000, 0x00000006a4000000, 0x00000006a4400000|  0%| F|  |TAMS 0x00000006a4000000| PB 0x00000006a4000000| Untracked 
| 145|0x00000006a4400000, 0x00000006a4400000, 0x00000006a4800000|  0%| F|  |TAMS 0x00000006a4400000| PB 0x00000006a4400000| Untracked 
| 146|0x00000006a4800000, 0x00000006a4800000, 0x00000006a4c00000|  0%| F|  |TAMS 0x00000006a4800000| PB 0x00000006a4800000| Untracked 
| 147|0x00000006a4c00000, 0x00000006a4c00000, 0x00000006a5000000|  0%| F|  |TAMS 0x00000006a4c00000| PB 0x00000006a4c00000| Untracked 
| 148|0x00000006a5000000, 0x00000006a5000000, 0x00000006a5400000|  0%| F|  |TAMS 0x00000006a5000000| PB 0x00000006a5000000| Untracked 
| 149|0x00000006a5400000, 0x00000006a5400000, 0x00000006a5800000|  0%| F|  |TAMS 0x00000006a5400000| PB 0x00000006a5400000| Untracked 
| 150|0x00000006a5800000, 0x00000006a5800000, 0x00000006a5c00000|  0%| F|  |TAMS 0x00000006a5800000| PB 0x00000006a5800000| Untracked 
| 151|0x00000006a5c00000, 0x00000006a5c00000, 0x00000006a6000000|  0%| F|  |TAMS 0x00000006a5c00000| PB 0x00000006a5c00000| Untracked 
| 152|0x00000006a6000000, 0x00000006a6000000, 0x00000006a6400000|  0%| F|  |TAMS 0x00000006a6000000| PB 0x00000006a6000000| Untracked 
| 153|0x00000006a6400000, 0x00000006a6400000, 0x00000006a6800000|  0%| F|  |TAMS 0x00000006a6400000| PB 0x00000006a6400000| Untracked 
| 154|0x00000006a6800000, 0x00000006a6800000, 0x00000006a6c00000|  0%| F|  |TAMS 0x00000006a6800000| PB 0x00000006a6800000| Untracked 
| 155|0x00000006a6c00000, 0x00000006a6c00000, 0x00000006a7000000|  0%| F|  |TAMS 0x00000006a6c00000| PB 0x00000006a6c00000| Untracked 
| 156|0x00000006a7000000, 0x00000006a7000000, 0x00000006a7400000|  0%| F|  |TAMS 0x00000006a7000000| PB 0x00000006a7000000| Untracked 
| 157|0x00000006a7400000, 0x00000006a7400000, 0x00000006a7800000|  0%| F|  |TAMS 0x00000006a7400000| PB 0x00000006a7400000| Untracked 
| 158|0x00000006a7800000, 0x00000006a7800000, 0x00000006a7c00000|  0%| F|  |TAMS 0x00000006a7800000| PB 0x00000006a7800000| Untracked 
| 159|0x00000006a7c00000, 0x00000006a7c00000, 0x00000006a8000000|  0%| F|  |TAMS 0x00000006a7c00000| PB 0x00000006a7c00000| Untracked 
| 160|0x00000006a8000000, 0x00000006a8000000, 0x00000006a8400000|  0%| F|  |TAMS 0x00000006a8000000| PB 0x00000006a8000000| Untracked 
| 161|0x00000006a8400000, 0x00000006a8400000, 0x00000006a8800000|  0%| F|  |TAMS 0x00000006a8400000| PB 0x00000006a8400000| Untracked 
| 162|0x00000006a8800000, 0x00000006a8800000, 0x00000006a8c00000|  0%| F|  |TAMS 0x00000006a8800000| PB 0x00000006a8800000| Untracked 
| 163|0x00000006a8c00000, 0x00000006a8c00000, 0x00000006a9000000|  0%| F|  |TAMS 0x00000006a8c00000| PB 0x00000006a8c00000| Untracked 
| 164|0x00000006a9000000, 0x00000006a9000000, 0x00000006a9400000|  0%| F|  |TAMS 0x00000006a9000000| PB 0x00000006a9000000| Untracked 
| 165|0x00000006a9400000, 0x00000006a9400000, 0x00000006a9800000|  0%| F|  |TAMS 0x00000006a9400000| PB 0x00000006a9400000| Untracked 
| 166|0x00000006a9800000, 0x00000006a9800000, 0x00000006a9c00000|  0%| F|  |TAMS 0x00000006a9800000| PB 0x00000006a9800000| Untracked 
| 167|0x00000006a9c00000, 0x00000006a9c00000, 0x00000006aa000000|  0%| F|  |TAMS 0x00000006a9c00000| PB 0x00000006a9c00000| Untracked 
| 168|0x00000006aa000000, 0x00000006aa000000, 0x00000006aa400000|  0%| F|  |TAMS 0x00000006aa000000| PB 0x00000006aa000000| Untracked 
| 169|0x00000006aa400000, 0x00000006aa400000, 0x00000006aa800000|  0%| F|  |TAMS 0x00000006aa400000| PB 0x00000006aa400000| Untracked 
| 170|0x00000006aa800000, 0x00000006aa800000, 0x00000006aac00000|  0%| F|  |TAMS 0x00000006aa800000| PB 0x00000006aa800000| Untracked 
| 171|0x00000006aac00000, 0x00000006aac00000, 0x00000006ab000000|  0%| F|  |TAMS 0x00000006aac00000| PB 0x00000006aac00000| Untracked 
| 172|0x00000006ab000000, 0x00000006ab000000, 0x00000006ab400000|  0%| F|  |TAMS 0x00000006ab000000| PB 0x00000006ab000000| Untracked 
| 173|0x00000006ab400000, 0x00000006ab400000, 0x00000006ab800000|  0%| F|  |TAMS 0x00000006ab400000| PB 0x00000006ab400000| Untracked 
| 174|0x00000006ab800000, 0x00000006ab800000, 0x00000006abc00000|  0%| F|  |TAMS 0x00000006ab800000| PB 0x00000006ab800000| Untracked 
| 175|0x00000006abc00000, 0x00000006abc00000, 0x00000006ac000000|  0%| F|  |TAMS 0x00000006abc00000| PB 0x00000006abc00000| Untracked 
| 176|0x00000006ac000000, 0x00000006ac000000, 0x00000006ac400000|  0%| F|  |TAMS 0x00000006ac000000| PB 0x00000006ac000000| Untracked 
| 177|0x00000006ac400000, 0x00000006ac400000, 0x00000006ac800000|  0%| F|  |TAMS 0x00000006ac400000| PB 0x00000006ac400000| Untracked 
| 178|0x00000006ac800000, 0x00000006ac800000, 0x00000006acc00000|  0%| F|  |TAMS 0x00000006ac800000| PB 0x00000006ac800000| Untracked 
| 179|0x00000006acc00000, 0x00000006acc00000, 0x00000006ad000000|  0%| F|  |TAMS 0x00000006acc00000| PB 0x00000006acc00000| Untracked 
| 180|0x00000006ad000000, 0x00000006ad000000, 0x00000006ad400000|  0%| F|  |TAMS 0x00000006ad000000| PB 0x00000006ad000000| Untracked 
| 181|0x00000006ad400000, 0x00000006ad400000, 0x00000006ad800000|  0%| F|  |TAMS 0x00000006ad400000| PB 0x00000006ad400000| Untracked 
|1529|0x00000007fe400000, 0x00000007fe800000, 0x00000007fe800000|100%| O|  |TAMS 0x00000007fe400000| PB 0x00000007fe400000| Untracked 
|1530|0x00000007fe800000, 0x00000007fec00000, 0x00000007fec00000|100%| O|  |TAMS 0x00000007fe800000| PB 0x00000007fe800000| Untracked 
|1531|0x00000007fec00000, 0x00000007ff000000, 0x00000007ff000000|100%| O|  |TAMS 0x00000007fec00000| PB 0x00000007fec00000| Untracked 
|1532|0x00000007ff000000, 0x00000007ff000000, 0x00000007ff400000|  0%| F|  |TAMS 0x00000007ff000000| PB 0x00000007ff000000| Untracked 
|1533|0x00000007ff400000, 0x00000007ff400000, 0x00000007ff800000|  0%| F|  |TAMS 0x00000007ff400000| PB 0x00000007ff400000| Untracked 
|1534|0x00000007ff800000, 0x00000007ff800000, 0x00000007ffc00000|  0%| F|  |TAMS 0x00000007ff800000| PB 0x00000007ff800000| Untracked 
|1535|0x00000007ffc00000, 0x0000000800000000, 0x0000000800000000|100%| O|  |TAMS 0x00000007ffc00000| PB 0x00000007ffc00000| Untracked 

Card table byte_map: [0x000002484ac70000,0x000002484b870000] _byte_map_base: 0x0000024847870000

Marking Bits: (CMBitMap*) 0x0000024837a51ee0
 Bits: [0x000002484b870000, 0x0000024851870000)

Polling page: 0x0000024835850000

Metaspace:

Usage:
  Non-class:    207.41 MB used.
      Class:     32.62 MB used.
       Both:    240.03 MB used.

Virtual space:
  Non-class space:      256.00 MB reserved,     209.12 MB ( 82%) committed,  4 nodes.
      Class space:        1.00 GB reserved,      34.25 MB (  3%) committed,  1 nodes.
             Both:        1.25 GB reserved,     243.38 MB ( 19%) committed. 

Chunk freelists:
   Non-Class:  14.56 MB
       Class:  13.76 MB
        Both:  28.33 MB

MaxMetaspaceSize: unlimited
CompressedClassSpaceSize: 1.00 GB
Initial GC threshold: 21.00 MB
Current GC threshold: 404.06 MB
CDS: off
 - commit_granule_bytes: 65536.
 - commit_granule_words: 8192.
 - virtual_space_node_default_size: 8388608.
 - enlarge_chunks_in_place: 1.
 - use_allocation_guard: 0.


Internal statistics:

num_allocs_failed_limit: 9.
num_arena_births: 6490.
num_arena_deaths: 6.
num_vsnodes_births: 5.
num_vsnodes_deaths: 0.
num_space_committed: 3895.
num_space_uncommitted: 2.
num_chunks_returned_to_freelist: 35.
num_chunks_taken_from_freelist: 17376.
num_chunk_merges: 13.
num_chunk_splits: 11577.
num_chunks_enlarged: 7572.
num_inconsistent_stats: 0.

CodeHeap 'non-profiled nmethods': size=120000Kb used=20261Kb max_used=22927Kb free=99739Kb
 bounds [0x00000248425f0000, 0x0000024843c60000, 0x0000024849b20000]
CodeHeap 'profiled nmethods': size=120000Kb used=34151Kb max_used=36909Kb free=85849Kb
 bounds [0x000002483ab20000, 0x000002483d060000, 0x0000024842050000]
CodeHeap 'non-nmethods': size=5760Kb used=2504Kb max_used=2575Kb free=3255Kb
 bounds [0x0000024842050000, 0x00000248422f0000, 0x00000248425f0000]
CodeCache: size=245760Kb, used=56916Kb, max_used=62411Kb, free=188843Kb
 total_blobs=18248, nmethods=17120, adapters=1030, full_count=0
Compilation: enabled, stopped_count=0, restarted_count=0

Compilation events (20 events):
Event: 2066.417 Thread 0x00000248546f7100 nmethod 45000 0x000002483b5e6c90 code [0x000002483b5e7120, 0x000002483b5e8628]
Event: 2066.417 Thread 0x00000248546f7100 44998       3       com.android.tools.r8.ir.optimize.e0::a (375 bytes)
Event: 2066.421 Thread 0x00000248546f7100 nmethod 44998 0x000002483b466e10 code [0x000002483b4674a0, 0x000002483b46b3d8]
Event: 2066.421 Thread 0x00000248546f7100 44739   !   3       com.android.tools.r8.graph.e6::a (12 bytes)
Event: 2066.422 Thread 0x00000248546f7100 nmethod 44739 0x000002483ca2f890 code [0x000002483ca2fa80, 0x000002483ca2ffe0]
Event: 2066.422 Thread 0x00000248546f7100 44740       3       com.android.tools.r8.graph.ma::b (18 bytes)
Event: 2066.422 Thread 0x00000248546f7100 nmethod 44740 0x000002483ca2f110 code [0x000002483ca2f2e0, 0x000002483ca2f6f8]
Event: 2066.422 Thread 0x00000248546f7100 44965       3       com.android.tools.r8.internal.ql0::a (7 bytes)
Event: 2066.422 Thread 0x00000248546f7100 nmethod 44965 0x000002483c5e9290 code [0x000002483c5e9440, 0x000002483c5e9578]
Event: 2066.422 Thread 0x00000248546f7100 44966       3       com.android.tools.r8.internal.if0::a (86 bytes)
Event: 2066.423 Thread 0x00000248546f7100 nmethod 44966 0x000002483c38ce10 code [0x000002483c38cfa0, 0x000002483c38d0b8]
Event: 2066.423 Thread 0x00000248546f7100 44831       3       com.android.tools.r8.internal.ho1::a1 (5 bytes)
Event: 2066.423 Thread 0x00000248546f7100 nmethod 44831 0x000002483cae6710 code [0x000002483cae68c0, 0x000002483cae6a80]
Event: 2066.423 Thread 0x00000248546f7100 44813       3       com.android.tools.r8.internal.ad::<init> (18 bytes)
Event: 2066.423 Thread 0x00000248546f7100 nmethod 44813 0x000002483cae6210 code [0x000002483cae63c0, 0x000002483cae6618]
Event: 2066.423 Thread 0x00000248546f7100 44827       3       com.android.tools.r8.internal.c41::f (27 bytes)
Event: 2066.423 Thread 0x00000248546f7100 nmethod 44827 0x000002483cae5a90 code [0x000002483cae5c60, 0x000002483cae6078]
Event: 2066.423 Thread 0x00000248546f7100 44945       3       com.android.tools.r8.internal.zc::v (36 bytes)
Event: 2066.424 Thread 0x00000248546f7100 nmethod 44945 0x000002483cae5210 code [0x000002483cae53e0, 0x000002483cae5898]
Event: 2066.424 Thread 0x00000248546f7100 44972       3       com.android.tools.r8.internal.ro1::a (140 bytes)

GC Heap History (20 events):
Event: 2058.549 GC heap after
{Heap after GC invocations=114 (full 0):
 garbage-first heap   total 663552K, used 372574K [0x0000000680000000, 0x0000000800000000)
  region size 4096K, 5 young (20480K), 5 survivors (20480K)
 Metaspace       used 221150K, committed 224448K, reserved 1245184K
  class space    used 29234K, committed 30848K, reserved 1048576K
}
Event: 2060.034 GC heap before
{Heap before GC invocations=114 (full 0):
 garbage-first heap   total 663552K, used 593758K [0x0000000680000000, 0x0000000800000000)
  region size 4096K, 60 young (245760K), 5 survivors (20480K)
 Metaspace       used 221643K, committed 225024K, reserved 1245184K
  class space    used 29303K, committed 30912K, reserved 1048576K
}
Event: 2060.056 GC heap after
{Heap after GC invocations=115 (full 0):
 garbage-first heap   total 663552K, used 383711K [0x0000000680000000, 0x0000000800000000)
  region size 4096K, 8 young (32768K), 8 survivors (32768K)
 Metaspace       used 221643K, committed 225024K, reserved 1245184K
  class space    used 29303K, committed 30912K, reserved 1048576K
}
Event: 2061.001 GC heap before
{Heap before GC invocations=115 (full 0):
 garbage-first heap   total 663552K, used 588511K [0x0000000680000000, 0x0000000800000000)
  region size 4096K, 59 young (241664K), 8 survivors (32768K)
 Metaspace       used 222702K, committed 226048K, reserved 1245184K
  class space    used 29439K, committed 31040K, reserved 1048576K
}
Event: 2061.024 GC heap after
{Heap after GC invocations=116 (full 0):
 garbage-first heap   total 663552K, used 407623K [0x0000000680000000, 0x0000000800000000)
  region size 4096K, 6 young (24576K), 6 survivors (24576K)
 Metaspace       used 222702K, committed 226048K, reserved 1245184K
  class space    used 29439K, committed 31040K, reserved 1048576K
}
Event: 2061.669 GC heap before
{Heap before GC invocations=117 (full 0):
 garbage-first heap   total 684032K, used 596039K [0x0000000680000000, 0x0000000800000000)
  region size 4096K, 53 young (217088K), 6 survivors (24576K)
 Metaspace       used 222763K, committed 226112K, reserved 1245184K
  class space    used 29439K, committed 31040K, reserved 1048576K
}
Event: 2061.690 GC heap after
{Heap after GC invocations=118 (full 0):
 garbage-first heap   total 684032K, used 433440K [0x0000000680000000, 0x0000000800000000)
  region size 4096K, 7 young (28672K), 7 survivors (28672K)
 Metaspace       used 222763K, committed 226112K, reserved 1245184K
  class space    used 29439K, committed 31040K, reserved 1048576K
}
Event: 2061.989 GC heap before
{Heap before GC invocations=118 (full 0):
 garbage-first heap   total 684032K, used 613664K [0x0000000680000000, 0x0000000800000000)
  region size 4096K, 52 young (212992K), 7 survivors (28672K)
 Metaspace       used 223054K, committed 226432K, reserved 1245184K
  class space    used 29483K, committed 31104K, reserved 1048576K
}
Event: 2062.004 GC heap after
{Heap after GC invocations=119 (full 0):
 garbage-first heap   total 684032K, used 427590K [0x0000000680000000, 0x0000000800000000)
  region size 4096K, 2 young (8192K), 2 survivors (8192K)
 Metaspace       used 223054K, committed 226432K, reserved 1245184K
  class space    used 29483K, committed 31104K, reserved 1048576K
}
Event: 2062.639 GC heap before
{Heap before GC invocations=119 (full 0):
 garbage-first heap   total 684032K, used 620102K [0x0000000680000000, 0x0000000800000000)
  region size 4096K, 50 young (204800K), 2 survivors (8192K)
 Metaspace       used 223251K, committed 226624K, reserved 1245184K
  class space    used 29507K, committed 31104K, reserved 1048576K
}
Event: 2062.645 GC heap after
{Heap after GC invocations=120 (full 0):
 garbage-first heap   total 684032K, used 431058K [0x0000000680000000, 0x0000000800000000)
  region size 4096K, 3 young (12288K), 3 survivors (12288K)
 Metaspace       used 223251K, committed 226624K, reserved 1245184K
  class space    used 29507K, committed 31104K, reserved 1048576K
}
Event: 2063.651 GC heap before
{Heap before GC invocations=121 (full 0):
 garbage-first heap   total 733184K, used 635858K [0x0000000680000000, 0x0000000800000000)
  region size 4096K, 51 young (208896K), 3 survivors (12288K)
 Metaspace       used 225845K, committed 229312K, reserved 1310720K
  class space    used 29918K, committed 31616K, reserved 1048576K
}
Event: 2063.660 GC heap after
{Heap after GC invocations=122 (full 0):
 garbage-first heap   total 733184K, used 440511K [0x0000000680000000, 0x0000000800000000)
  region size 4096K, 5 young (20480K), 5 survivors (20480K)
 Metaspace       used 225845K, committed 229312K, reserved 1310720K
  class space    used 29918K, committed 31616K, reserved 1048576K
}
Event: 2064.575 GC heap before
{Heap before GC invocations=122 (full 0):
 garbage-first heap   total 733184K, used 665791K [0x0000000680000000, 0x0000000800000000)
  region size 4096K, 61 young (249856K), 5 survivors (20480K)
 Metaspace       used 237327K, committed 240768K, reserved 1310720K
  class space    used 32115K, committed 33792K, reserved 1048576K
}
Event: 2064.617 GC heap after
{Heap after GC invocations=123 (full 0):
 garbage-first heap   total 749568K, used 454612K [0x0000000680000000, 0x0000000800000000)
  region size 4096K, 8 young (32768K), 8 survivors (32768K)
 Metaspace       used 237327K, committed 240768K, reserved 1310720K
  class space    used 32115K, committed 33792K, reserved 1048576K
}
Event: 2065.381 GC heap before
{Heap before GC invocations=123 (full 0):
 garbage-first heap   total 749568K, used 675796K [0x0000000680000000, 0x0000000800000000)
  region size 4096K, 62 young (253952K), 8 survivors (32768K)
 Metaspace       used 243833K, committed 247296K, reserved 1310720K
  class space    used 33189K, committed 34880K, reserved 1048576K
}
Event: 2065.403 GC heap after
{Heap after GC invocations=124 (full 0):
 garbage-first heap   total 749568K, used 469246K [0x0000000680000000, 0x0000000800000000)
  region size 4096K, 4 young (16384K), 4 survivors (16384K)
 Metaspace       used 243833K, committed 247296K, reserved 1310720K
  class space    used 33189K, committed 34880K, reserved 1048576K
}
Event: 2065.999 GC heap before
{Heap before GC invocations=125 (full 0):
 garbage-first heap   total 774144K, used 665854K [0x0000000680000000, 0x0000000800000000)
  region size 4096K, 56 young (229376K), 4 survivors (16384K)
 Metaspace       used 245332K, committed 248768K, reserved 1310720K
  class space    used 33380K, committed 35072K, reserved 1048576K
}
Event: 2066.009 GC heap after
{Heap after GC invocations=126 (full 0):
 garbage-first heap   total 774144K, used 457433K [0x0000000680000000, 0x0000000800000000)
  region size 4096K, 4 young (16384K), 4 survivors (16384K)
 Metaspace       used 245332K, committed 248768K, reserved 1310720K
  class space    used 33380K, committed 35072K, reserved 1048576K
}
Event: 2066.424 GC heap before
{Heap before GC invocations=126 (full 0):
 garbage-first heap   total 774144K, used 707289K [0x0000000680000000, 0x0000000800000000)
  region size 4096K, 66 young (270336K), 4 survivors (16384K)
 Metaspace       used 245791K, committed 249216K, reserved 1310720K
  class space    used 33402K, committed 35072K, reserved 1048576K
}

Dll operation events (3 events):
Event: 0.009 Loaded shared library D:\Android\Android Studio1\jbr\bin\java.dll
Event: 0.013 Loaded shared library D:\Android\Android Studio1\jbr\bin\zip.dll
Event: 0.607 Loaded shared library D:\Android\Android Studio1\jbr\bin\verify.dll

Deoptimization events (20 events):
Event: 2066.318 Thread 0x000002485a8d52c0 DEOPT PACKING pc=0x000002483c3a70ae sp=0x00000089c13fc510
Event: 2066.318 Thread 0x000002485a8d52c0 DEOPT UNPACKING pc=0x00000248420a4e42 sp=0x00000089c13fba90 mode 0
Event: 2066.358 Thread 0x000002486843a8d0 DEOPT PACKING pc=0x000002483afe9317 sp=0x00000089c18fc470
Event: 2066.358 Thread 0x000002486843a8d0 DEOPT UNPACKING pc=0x00000248420a4e42 sp=0x00000089c18fb9b8 mode 0
Event: 2066.366 Thread 0x000002486841c9c0 DEOPT PACKING pc=0x000002483afe3d97 sp=0x00000089b98fbd60
Event: 2066.366 Thread 0x000002486841c9c0 DEOPT UNPACKING pc=0x00000248420a4e42 sp=0x00000089b98fb2e8 mode 0
Event: 2066.370 Thread 0x000002486841c9c0 DEOPT PACKING pc=0x000002483afe3d71 sp=0x00000089b98fbd60
Event: 2066.370 Thread 0x000002486841c9c0 DEOPT UNPACKING pc=0x00000248420a4e42 sp=0x00000089b98fb2e8 mode 0
Event: 2066.374 Thread 0x000002486843a8d0 DEOPT PACKING pc=0x000002483afe3d97 sp=0x00000089c18fc050
Event: 2066.374 Thread 0x000002486843a8d0 DEOPT UNPACKING pc=0x00000248420a4e42 sp=0x00000089c18fb5d8 mode 0
Event: 2066.383 Thread 0x000002485bce3ee0 DEOPT PACKING pc=0x000002483afe9317 sp=0x00000089c08fc4f0
Event: 2066.383 Thread 0x000002485bce3ee0 DEOPT UNPACKING pc=0x00000248420a4e42 sp=0x00000089c08fba38 mode 0
Event: 2066.393 Thread 0x000002485a8d52c0 DEOPT PACKING pc=0x000002483afe9317 sp=0x00000089c13fbfd0
Event: 2066.393 Thread 0x000002485a8d52c0 DEOPT UNPACKING pc=0x00000248420a4e42 sp=0x00000089c13fb518 mode 0
Event: 2066.403 Thread 0x000002485bce3ee0 DEOPT PACKING pc=0x000002483afe9317 sp=0x00000089c08f8cf0
Event: 2066.403 Thread 0x000002485bce3ee0 DEOPT UNPACKING pc=0x00000248420a4e42 sp=0x00000089c08f8238 mode 0
Event: 2066.409 Thread 0x000002485bce3ee0 DEOPT PACKING pc=0x000002483afe9317 sp=0x00000089c08f90d0
Event: 2066.409 Thread 0x000002485bce3ee0 DEOPT UNPACKING pc=0x00000248420a4e42 sp=0x00000089c08f8618 mode 0
Event: 2066.411 Thread 0x000002485bce3ee0 DEOPT PACKING pc=0x000002483afe9317 sp=0x00000089c08fc080
Event: 2066.411 Thread 0x000002485bce3ee0 DEOPT UNPACKING pc=0x00000248420a4e42 sp=0x00000089c08fb5c8 mode 0

Classes loaded (20 events):
Event: 2061.778 Loading class sun/nio/cs/Surrogate$Parser
Event: 2061.778 Loading class sun/nio/cs/Surrogate$Parser done
Event: 2061.778 Loading class sun/nio/cs/Surrogate
Event: 2061.778 Loading class sun/nio/cs/Surrogate done
Event: 2063.344 Loading class java/nio/file/FileTreeIterator
Event: 2063.345 Loading class java/nio/file/FileTreeIterator done
Event: 2063.609 Loading class java/util/concurrent/RejectedExecutionException
Event: 2063.609 Loading class java/util/concurrent/RejectedExecutionException done
Event: 2064.677 Loading class java/util/IdentityHashMap$ValueIterator
Event: 2064.681 Loading class java/util/IdentityHashMap$ValueIterator done
Event: 2064.768 Loading class java/util/IdentityHashMap$EntrySpliterator
Event: 2064.769 Loading class java/util/IdentityHashMap$IdentityHashMapSpliterator
Event: 2064.769 Loading class java/util/IdentityHashMap$IdentityHashMapSpliterator done
Event: 2064.769 Loading class java/util/IdentityHashMap$EntrySpliterator done
Event: 2064.789 Loading class java/util/SortedSet$1
Event: 2064.789 Loading class java/util/SortedSet$1 done
Event: 2065.851 Loading class java/nio/ByteBufferAsShortBufferL
Event: 2065.853 Loading class java/nio/ByteBufferAsShortBufferL done
Event: 2065.906 Loading class java/util/zip/Adler32
Event: 2065.911 Loading class java/util/zip/Adler32 done

Classes unloaded (20 events):
Event: 2062.879 Thread 0x00000248541b4c00 Unloading class 0x0000000801bcb478 'jdk/internal/jimage/ImageHeader'
Event: 2062.879 Thread 0x00000248541b4c00 Unloading class 0x0000000801bcb210 'jdk/internal/jimage/BasicImageReader$2'
Event: 2062.879 Thread 0x00000248541b4c00 Unloading class 0x0000000801bcafa8 'jdk/internal/jimage/BasicImageReader$1'
Event: 2062.879 Thread 0x00000248541b4c00 Unloading class 0x0000000801bcad08 'jdk/internal/jimage/ImageReader$Resource'
Event: 2062.879 Thread 0x00000248541b4c00 Unloading class 0x0000000801bcaa68 'jdk/internal/jimage/ImageReader$LinkNode'
Event: 2062.879 Thread 0x00000248541b4c00 Unloading class 0x0000000801bca7c8 'jdk/internal/jimage/ImageReader$Directory'
Event: 2062.879 Thread 0x00000248541b4c00 Unloading class 0x0000000801bca528 'jdk/internal/jimage/ImageReader$Node'
Event: 2062.879 Thread 0x00000248541b4c00 Unloading class 0x0000000801bca2f8 'jdk/internal/jimage/ImageStrings'
Event: 2062.879 Thread 0x00000248541b4c00 Unloading class 0x0000000801bca000 'jdk/internal/jimage/ImageReader$SharedImageReader'
Event: 2062.879 Thread 0x00000248541b4c00 Unloading class 0x0000000801bc9be0 'jdk/internal/jimage/BasicImageReader'
Event: 2062.879 Thread 0x00000248541b4c00 Unloading class 0x0000000801bc9988 'jdk/internal/jimage/ImageReader'
Event: 2062.879 Thread 0x00000248541b4c00 Unloading class 0x0000000801bc9728 'jdk/internal/jrtfs/SystemImage$2'
Event: 2062.879 Thread 0x00000248541b4c00 Unloading class 0x0000000801bc94d8 'jdk/internal/jrtfs/SystemImage$$Lambda+0x0000000801bc94d8'
Event: 2062.879 Thread 0x00000248541b4c00 Unloading class 0x0000000801bc9270 'jdk/internal/jrtfs/ExplodedImage'
Event: 2062.879 Thread 0x00000248541b4c00 Unloading class 0x0000000801bc9000 'jdk/internal/jrtfs/SystemImage$1'
Event: 2062.879 Thread 0x00000248541b4c00 Unloading class 0x0000000801bc8ca0 'jdk/internal/jrtfs/SystemImage'
Event: 2062.879 Thread 0x00000248541b4c00 Unloading class 0x0000000801bc8a08 'jdk/internal/jrtfs/JrtFileStore'
Event: 2062.879 Thread 0x00000248541b4c00 Unloading class 0x0000000801bc8658 'jdk/internal/jrtfs/JrtPath'
Event: 2062.879 Thread 0x00000248541b4c00 Unloading class 0x0000000801bc8328 'jdk/internal/jrtfs/JrtFileSystem'
Event: 2062.879 Thread 0x00000248541b4c00 Unloading class 0x0000000801bc8000 'jdk/internal/jrtfs/JrtFileSystemProvider'

Classes redefined (0 events):
No events

Internal exceptions (20 events):
Event: 2064.492 Thread 0x000002485cdb8320 Implicit null exception at 0x0000024842ef65c6 to 0x0000024842ef6fd0
Event: 2064.492 Thread 0x000002485a8d52c0 Implicit null exception at 0x0000024842ef65c6 to 0x0000024842ef6fd0
Event: 2064.492 Thread 0x000002485bce3ee0 Implicit null exception at 0x0000024842ef65c6 to 0x0000024842ef6fd0
Event: 2064.652 Thread 0x0000024868426740 Exception <a 'java/lang/IncompatibleClassChangeError'{0x00000007ff580c70}: Found class java.lang.Object, but interface was expected> (0x00000007ff580c70) 
thrown [s\src\hotspot\share\interpreter\linkResolver.cpp, line 851]
Event: 2064.653 Thread 0x0000024868426740 Exception <a 'java/lang/IncompatibleClassChangeError'{0x00000007ff584d38}: Found class java.lang.Object, but interface was expected> (0x00000007ff584d38) 
thrown [s\src\hotspot\share\interpreter\linkResolver.cpp, line 851]
Event: 2064.712 Thread 0x000002486841c9c0 Exception <a 'java/lang/IncompatibleClassChangeError'{0x00000006aa95afc0}: Found class java.lang.Object, but interface was expected> (0x00000006aa95afc0) 
thrown [s\src\hotspot\share\interpreter\linkResolver.cpp, line 851]
Event: 2064.725 Thread 0x000002485a8d52c0 Exception <a 'java/lang/NoSuchMethodError'{0x00000006aaa83ce0}: 'void java.lang.invoke.DirectMethodHandle$Holder.invokeSpecial(java.lang.Object, java.lang.Object, int, java.lang.Object)'> (0x00000006aaa83ce0) 
thrown [s\src\hotspot\share\interpreter\linkResolver.cpp, line 784]
Event: 2064.823 Thread 0x000002485cdb8320 Exception <a 'java/lang/NoSuchMethodError'{0x00000006a94d9f10}: 'void java.lang.invoke.DirectMethodHandle$Holder.invokeVirtual(java.lang.Object, java.lang.Object, int)'> (0x00000006a94d9f10) 
thrown [s\src\hotspot\share\interpreter\linkResolver.cpp, line 784]
Event: 2064.823 Thread 0x0000024865a283d0 Exception <a 'java/lang/NoSuchMethodError'{0x00000006a9451280}: 'void java.lang.invoke.DirectMethodHandle$Holder.invokeVirtual(java.lang.Object, java.lang.Object, int)'> (0x00000006a9451280) 
thrown [s\src\hotspot\share\interpreter\linkResolver.cpp, line 784]
Event: 2064.823 Thread 0x000002485bce3ee0 Exception <a 'java/lang/NoSuchMethodError'{0x00000006aa340460}: 'void java.lang.invoke.DirectMethodHandle$Holder.invokeVirtual(java.lang.Object, java.lang.Object, int)'> (0x00000006aa340460) 
thrown [s\src\hotspot\share\interpreter\linkResolver.cpp, line 784]
Event: 2064.833 Thread 0x0000024868428ea0 Exception <a 'java/lang/NoSuchMethodError'{0x00000006a95501e8}: 'int java.lang.invoke.DirectMethodHandle$Holder.invokeSpecial(java.lang.Object, java.lang.Object, java.lang.Object, int, java.lang.Object)'> (0x00000006a95501e8) 
thrown [s\src\hotspot\share\interpreter\linkResolver.cpp, line 784]
Event: 2064.833 Thread 0x000002486842a250 Exception <a 'java/lang/NoSuchMethodError'{0x00000006a9418d68}: 'int java.lang.invoke.DirectMethodHandle$Holder.invokeSpecial(java.lang.Object, java.lang.Object, java.lang.Object, int, java.lang.Object)'> (0x00000006a9418d68) 
thrown [s\src\hotspot\share\interpreter\linkResolver.cpp, line 784]
Event: 2064.833 Thread 0x0000024868426740 Exception <a 'java/lang/NoSuchMethodError'{0x00000006a957a9c8}: 'int java.lang.invoke.DirectMethodHandle$Holder.invokeSpecial(java.lang.Object, java.lang.Object, java.lang.Object, int, java.lang.Object)'> (0x00000006a957a9c8) 
thrown [s\src\hotspot\share\interpreter\linkResolver.cpp, line 784]
Event: 2064.833 Thread 0x000002486842b600 Exception <a 'java/lang/NoSuchMethodError'{0x00000006a9479148}: 'int java.lang.invoke.DirectMethodHandle$Holder.invokeSpecial(java.lang.Object, java.lang.Object, java.lang.Object, int, java.lang.Object)'> (0x00000006a9479148) 
thrown [s\src\hotspot\share\interpreter\linkResolver.cpp, line 784]
Event: 2064.833 Thread 0x0000024868428180 Exception <a 'java/lang/NoSuchMethodError'{0x00000006a99fc438}: 'int java.lang.invoke.DirectMethodHandle$Holder.invokeSpecial(java.lang.Object, java.lang.Object, java.lang.Object, int, java.lang.Object)'> (0x00000006a99fc438) 
thrown [s\src\hotspot\share\interpreter\linkResolver.cpp, line 784]
Event: 2064.858 Thread 0x000002486841c9c0 Exception <a 'java/lang/NoSuchMethodError'{0x00000006a919b658}: 'int java.lang.invoke.DirectMethodHandle$Holder.invokeInterface(java.lang.Object, java.lang.Object, int)'> (0x00000006a919b658) 
thrown [s\src\hotspot\share\interpreter\linkResolver.cpp, line 784]
Event: 2065.009 Thread 0x000002486841c9c0 Exception <a 'java/lang/NoSuchMethodError'{0x00000006a5d97a50}: 'java.lang.Object java.lang.invoke.DirectMethodHandle$Holder.newInvokeSpecial(java.lang.Object, int, java.lang.Object, java.lang.Object, java.lang.Object, java.lang.Object)'> (0x00000006a5d97a50) 
thrown [s\src\hotspot\share\interpreter\linkResolver.cpp, line 784]
Event: 2065.214 Thread 0x0000024868429530 Exception <a 'java/lang/NoSuchMethodError'{0x00000006a2b333c8}: 'void java.lang.invoke.DirectMethodHandle$Holder.invokeSpecial(java.lang.Object, java.lang.Object, java.lang.Object, int, java.lang.Object, java.lang.Object, java.lang.Object, java.lang.Object)'> (0x00000006a2b333c8) 
thrown [s\src\hotspot\share\interpreter\linkResolver.cpp, line 784]
Event: 2065.218 Thread 0x0000024868429530 Exception <a 'java/lang/NoSuchMethodError'{0x00000006a24c0220}: 'void java.lang.invoke.DirectMethodHandle$Holder.invokeStatic(java.lang.Object, java.lang.Object, java.lang.Object, java.lang.Object, java.lang.Object, java.lang.Object, java.lang.Object, java.lang.Object)'> (0x00000006a24c0220) 
thrown [s\src\hotspot\share\interpreter\linkResolver.cpp, line 784]
Event: 2065.717 Thread 0x0000024868429530 Exception <a 'java/lang/IncompatibleClassChangeError'{0x00000006a6155be0}: Found class java.lang.Object, but interface was expected> (0x00000006a6155be0) 
thrown [s\src\hotspot\share\interpreter\linkResolver.cpp, line 851]

ZGC Phase Switch (0 events):
No events

VM Operations (20 events):
Event: 2065.724 Executing VM operation: ICBufferFull done
Event: 2065.724 Executing VM operation: ICBufferFull
Event: 2065.725 Executing VM operation: ICBufferFull done
Event: 2065.729 Executing VM operation: G1PauseRemark
Event: 2065.740 Executing VM operation: G1PauseRemark done
Event: 2065.853 Executing VM operation: G1PauseCleanup
Event: 2065.854 Executing VM operation: G1PauseCleanup done
Event: 2065.893 Executing VM operation: ICBufferFull
Event: 2065.893 Executing VM operation: ICBufferFull done
Event: 2065.918 Executing VM operation: HandshakeAllThreads (Deoptimize)
Event: 2065.922 Executing VM operation: HandshakeAllThreads (Deoptimize) done
Event: 2065.999 Executing VM operation: G1CollectForAllocation (G1 Evacuation Pause)
Event: 2066.009 Executing VM operation: G1CollectForAllocation (G1 Evacuation Pause) done
Event: 2066.215 Executing VM operation: ICBufferFull
Event: 2066.216 Executing VM operation: ICBufferFull done
Event: 2066.408 Executing VM operation: ICBufferFull
Event: 2066.408 Executing VM operation: ICBufferFull done
Event: 2066.421 Executing VM operation: G1CollectForAllocation (G1 Evacuation Pause)
Event: 2066.421 Executing VM operation: G1CollectForAllocation (G1 Evacuation Pause) done
Event: 2066.424 Executing VM operation: G1CollectForAllocation (GCLocker Initiated GC)

Memory protections (0 events):
No events

Nmethod flushes (20 events):
Event: 2065.737 Thread 0x00000248541b4c00 flushing  nmethod 0x000002483c9ce790
Event: 2065.737 Thread 0x00000248541b4c00 flushing  nmethod 0x000002483c9cfb10
Event: 2065.737 Thread 0x00000248541b4c00 flushing  nmethod 0x000002483cec0710
Event: 2065.737 Thread 0x00000248541b4c00 flushing  nmethod 0x000002483cec3910
Event: 2065.737 Thread 0x00000248541b4c00 flushing  nmethod 0x000002483cef5790
Event: 2065.737 Thread 0x00000248541b4c00 flushing  nmethod 0x000002483cefc310
Event: 2065.737 Thread 0x00000248541b4c00 flushing  nmethod 0x000002483ab38710
Event: 2065.737 Thread 0x00000248541b4c00 flushing  nmethod 0x000002483ab39c10
Event: 2065.737 Thread 0x00000248541b4c00 flushing  nmethod 0x000002483ab3d290
Event: 2065.737 Thread 0x00000248541b4c00 flushing  nmethod 0x000002483ac0ed10
Event: 2065.737 Thread 0x00000248541b4c00 flushing  nmethod 0x000002483ac99210
Event: 2065.737 Thread 0x00000248541b4c00 flushing  nmethod 0x000002483aefa190
Event: 2065.737 Thread 0x00000248541b4c00 flushing  nmethod 0x000002483af5bd10
Event: 2065.737 Thread 0x00000248541b4c00 flushing  nmethod 0x000002483af5c810
Event: 2065.737 Thread 0x00000248541b4c00 flushing  nmethod 0x000002483b129d90
Event: 2065.737 Thread 0x00000248541b4c00 flushing  nmethod 0x000002483b34c990
Event: 2065.737 Thread 0x00000248541b4c00 flushing  nmethod 0x000002483b4bb690
Event: 2065.737 Thread 0x00000248541b4c00 flushing  nmethod 0x000002483bc4e010
Event: 2065.737 Thread 0x00000248541b4c00 flushing  nmethod 0x000002483ce9d990
Event: 2065.737 Thread 0x00000248541b4c00 flushing  nmethod 0x000002483ceaff10

Events (20 events):
Event: 2059.486 Thread 0x000002485dd5cb30 Thread added: 0x000002486843a8d0
Event: 2060.165 Thread 0x000002485de21990 Thread exited: 0x000002485de21990
Event: 2060.431 Thread 0x000002485dd5a3d0 Thread added: 0x000002486841c9c0
Event: 2061.139 Thread 0x0000024865682e30 Thread exited: 0x0000024865682e30
Event: 2061.570 Thread 0x0000024865685040 Thread exited: 0x0000024865685040
Event: 2061.645 Thread 0x00000248546f6a50 Thread added: 0x0000024865682e30
Event: 2061.718 Thread 0x00000248546f7100 Thread added: 0x0000024865685040
Event: 2062.680 Thread 0x0000024865685040 Thread exited: 0x0000024865685040
Event: 2062.695 Thread 0x0000024865682e30 Thread exited: 0x0000024865682e30
Event: 2063.208 Thread 0x00000248546f7100 Thread added: 0x0000024865682e30
Event: 2063.326 Thread 0x000002485dd5cb30 Thread added: 0x0000024868426740
Event: 2063.326 Thread 0x000002485dd5cb30 Thread added: 0x000002486842a250
Event: 2063.327 Thread 0x000002485dd5cb30 Thread added: 0x000002486842b600
Event: 2063.327 Thread 0x000002485dd5cb30 Thread added: 0x0000024868428ea0
Event: 2063.328 Thread 0x000002485dd5cb30 Thread added: 0x0000024868429530
Event: 2063.329 Thread 0x000002485dd5cb30 Thread added: 0x0000024868428180
Event: 2063.458 Thread 0x00000248546f6a50 Thread added: 0x0000024865687ff0
Event: 2063.708 Thread 0x0000024865687ff0 Thread exited: 0x0000024865687ff0
Event: 2063.882 Thread 0x0000024865682e30 Thread added: 0x0000024865687ff0
Event: 2065.618 Thread 0x000002485de28920 Thread exited: 0x000002485de28920


Dynamic libraries:
0x00007ff76a010000 - 0x00007ff76a01a000 	D:\Android\Android Studio1\jbr\bin\java.exe
0x00007ffe2e5c0000 - 0x00007ffe2e828000 	C:\WINDOWS\SYSTEM32\ntdll.dll
0x00007ffe2dea0000 - 0x00007ffe2df69000 	C:\WINDOWS\System32\KERNEL32.DLL
0x00007ffe2b220000 - 0x00007ffe2b611000 	C:\WINDOWS\System32\KERNELBASE.dll
0x00007ffe2c210000 - 0x00007ffe2c35b000 	C:\WINDOWS\System32\ucrtbase.dll
0x00007ffdef8e0000 - 0x00007ffdef8fb000 	D:\Android\Android Studio1\jbr\bin\VCRUNTIME140.dll
0x00007ffd9e700000 - 0x00007ffd9e718000 	D:\Android\Android Studio1\jbr\bin\jli.dll
0x00007ffe2cea0000 - 0x00007ffe2d066000 	C:\WINDOWS\System32\USER32.dll
0x00007ffe0c170000 - 0x00007ffe0c403000 	C:\WINDOWS\WinSxS\amd64_microsoft.windows.common-controls_6595b64144ccf1df_6.0.26100.7824_none_3e0870b2e3345462\COMCTL32.dll
0x00007ffe2b620000 - 0x00007ffe2b647000 	C:\WINDOWS\System32\win32u.dll
0x00007ffe2c540000 - 0x00007ffe2c56b000 	C:\WINDOWS\System32\GDI32.dll
0x00007ffe2db20000 - 0x00007ffe2dbc9000 	C:\WINDOWS\System32\msvcrt.dll
0x00007ffe2b650000 - 0x00007ffe2b77b000 	C:\WINDOWS\System32\gdi32full.dll
0x00007ffe2b780000 - 0x00007ffe2b823000 	C:\WINDOWS\System32\msvcp_win.dll
0x00007ffe2e4b0000 - 0x00007ffe2e4e1000 	C:\WINDOWS\System32\IMM32.DLL
0x00007ffe1c9b0000 - 0x00007ffe1c9bc000 	D:\Android\Android Studio1\jbr\bin\vcruntime140_1.dll
0x00007ffd9b380000 - 0x00007ffd9b40d000 	D:\Android\Android Studio1\jbr\bin\msvcp140.dll
0x00007ffd9d760000 - 0x00007ffd9e3f6000 	D:\Android\Android Studio1\jbr\bin\server\jvm.dll
0x00007ffe2ddd0000 - 0x00007ffe2de84000 	C:\WINDOWS\System32\ADVAPI32.dll
0x00007ffe2e300000 - 0x00007ffe2e3a6000 	C:\WINDOWS\System32\sechost.dll
0x00007ffe2cd80000 - 0x00007ffe2ce98000 	C:\WINDOWS\System32\RPCRT4.dll
0x00007ffe2d950000 - 0x00007ffe2d9c4000 	C:\WINDOWS\System32\WS2_32.dll
0x00007ffe2ad00000 - 0x00007ffe2ad5e000 	C:\WINDOWS\SYSTEM32\POWRPROF.dll
0x00007ffe1cd10000 - 0x00007ffe1cd45000 	C:\WINDOWS\SYSTEM32\WINMM.dll
0x00007ffe228d0000 - 0x00007ffe228db000 	C:\WINDOWS\SYSTEM32\VERSION.dll
0x00007ffe2ace0000 - 0x00007ffe2acf4000 	C:\WINDOWS\SYSTEM32\UMPDC.dll
0x00007ffe29c40000 - 0x00007ffe29c5b000 	C:\WINDOWS\SYSTEM32\kernel.appcore.dll
0x00007ffe0b0e0000 - 0x00007ffe0b0ea000 	D:\Android\Android Studio1\jbr\bin\jimage.dll
0x00007ffe1ce90000 - 0x00007ffe1d0d2000 	C:\WINDOWS\SYSTEM32\DBGHELP.DLL
0x00007ffe2df70000 - 0x00007ffe2e2f6000 	C:\WINDOWS\System32\combase.dll
0x00007ffe2d270000 - 0x00007ffe2d347000 	C:\WINDOWS\System32\OLEAUT32.dll
0x00007ffe06090000 - 0x00007ffe060cb000 	C:\WINDOWS\SYSTEM32\dbgcore.DLL
0x00007ffe2aea0000 - 0x00007ffe2af45000 	C:\WINDOWS\System32\bcryptPrimitives.dll
0x00007ffdbb240000 - 0x00007ffdbb24e000 	D:\Android\Android Studio1\jbr\bin\instrument.dll
0x00007ffdedba0000 - 0x00007ffdedbc0000 	D:\Android\Android Studio1\jbr\bin\java.dll
0x00007ffde44a0000 - 0x00007ffde44b8000 	D:\Android\Android Studio1\jbr\bin\zip.dll
0x00007ffe2c570000 - 0x00007ffe2ccc2000 	C:\WINDOWS\System32\SHELL32.dll
0x00007ffe2b830000 - 0x00007ffe2b99a000 	C:\WINDOWS\System32\wintypes.dll
0x00007ffe2b9a0000 - 0x00007ffe2c203000 	C:\WINDOWS\System32\windows.storage.dll
0x00007ffe2d0f0000 - 0x00007ffe2d1e6000 	C:\WINDOWS\System32\SHCORE.dll
0x00007ffe2d200000 - 0x00007ffe2d267000 	C:\WINDOWS\System32\shlwapi.dll
0x00007ffe2adc0000 - 0x00007ffe2ade9000 	C:\WINDOWS\SYSTEM32\profapi.dll
0x00007ffe04f70000 - 0x00007ffe04f80000 	D:\Android\Android Studio1\jbr\bin\net.dll
0x00007ffe25150000 - 0x00007ffe25277000 	C:\WINDOWS\SYSTEM32\WINHTTP.dll
0x00007ffe2a1b0000 - 0x00007ffe2a21b000 	C:\WINDOWS\system32\mswsock.dll
0x00007ffde4480000 - 0x00007ffde4496000 	D:\Android\Android Studio1\jbr\bin\nio.dll
0x00007ffdcb2d0000 - 0x00007ffdcb2e0000 	D:\Android\Android Studio1\jbr\bin\verify.dll
0x00007ffdf2380000 - 0x00007ffdf23a7000 	C:\Users\vadit\.gradle\native\1def1411415f61bf3af743bc5b6707747c0891f09f0c88961ee8f79bc544acac\windows-amd64\native-platform.dll
0x00007ffd9b300000 - 0x00007ffd9b377000 	C:\Users\vadit\.gradle\native\0.2.8\x86_64-windows-gnu\gradle-fileevents.dll
0x00007ffdefa60000 - 0x00007ffdefa69000 	D:\Android\Android Studio1\jbr\bin\management.dll
0x00007ffdef8d0000 - 0x00007ffdef8db000 	D:\Android\Android Studio1\jbr\bin\management_ext.dll
0x00007ffe2ddc0000 - 0x00007ffe2ddc8000 	C:\WINDOWS\System32\PSAPI.DLL
0x00007ffe29670000 - 0x00007ffe296a4000 	C:\WINDOWS\SYSTEM32\IPHLPAPI.DLL
0x00007ffe2de90000 - 0x00007ffe2de9a000 	C:\WINDOWS\System32\NSI.dll
0x00007ffdf2370000 - 0x00007ffdf2379000 	D:\Android\Android Studio1\jbr\bin\extnet.dll
0x00007ffe2a480000 - 0x00007ffe2a49b000 	C:\WINDOWS\SYSTEM32\CRYPTSP.dll
0x00007ffe29ba0000 - 0x00007ffe29bd9000 	C:\WINDOWS\system32\rsaenh.dll
0x00007ffe2a260000 - 0x00007ffe2a28b000 	C:\WINDOWS\SYSTEM32\USERENV.dll
0x00007ffe2ad90000 - 0x00007ffe2adba000 	C:\WINDOWS\SYSTEM32\bcrypt.dll
0x00007ffe2a4a0000 - 0x00007ffe2a4ac000 	C:\WINDOWS\SYSTEM32\CRYPTBASE.dll
0x00007ffd436c0000 - 0x00007ffd436c8000 	C:\WINDOWS\system32\wshunix.dll
0x00007ffe29710000 - 0x00007ffe2983c000 	C:\WINDOWS\SYSTEM32\DNSAPI.dll
0x00007ffe24160000 - 0x00007ffe2416b000 	C:\Windows\System32\rasadhlp.dll
0x00007ffe25610000 - 0x00007ffe25696000 	C:\WINDOWS\System32\fwpuclnt.dll
0x00007ffe29d60000 - 0x00007ffe29d96000 	C:\WINDOWS\SYSTEM32\ntmarta.dll
0x00007ffde44d0000 - 0x00007ffde44d7000 	D:\Android\Android Studio1\jbr\bin\rmi.dll

JVMTI agents:
C:\Users\vadit\.gradle\wrapper\dists\gradle-9.1.0-bin\9agqghryom9wkf8r80qlhnts3\gradle-9.1.0\lib\agents\gradle-instrumentation-agent-9.1.0.jar path:D:\Android\Android Studio1\jbr\bin\instrument.dll, loaded, initialized, instrumentlib options:none

dbghelp: loaded successfully - version: 4.0.5 - missing functions: none
symbol engine: initialized successfully - sym options: 0x614 - pdb path: .;D:\Android\Android Studio1\jbr\bin;C:\WINDOWS\SYSTEM32;C:\WINDOWS\WinSxS\amd64_microsoft.windows.common-controls_6595b64144ccf1df_6.0.26100.7824_none_3e0870b2e3345462;D:\Android\Android Studio1\jbr\bin\server;C:\Users\vadit\.gradle\native\1def1411415f61bf3af743bc5b6707747c0891f09f0c88961ee8f79bc544acac\windows-amd64;C:\Users\vadit\.gradle\native\0.2.8\x86_64-windows-gnu

VM Arguments:
jvm_args: --add-opens=java.base/java.lang=ALL-UNNAMED --add-opens=java.base/java.lang.invoke=ALL-UNNAMED --add-opens=java.base/java.util=ALL-UNNAMED --add-opens=java.prefs/java.util.prefs=ALL-UNNAMED --add-exports=jdk.compiler/com.sun.tools.javac.api=ALL-UNNAMED --add-exports=jdk.compiler/com.sun.tools.javac.util=ALL-UNNAMED --add-opens=java.base/java.util=ALL-UNNAMED --add-opens=java.prefs/java.util.prefs=ALL-UNNAMED --add-opens=java.base/java.nio.charset=ALL-UNNAMED --add-opens=java.base/java.net=ALL-UNNAMED --add-opens=java.base/java.util.concurrent=ALL-UNNAMED --add-opens=java.base/java.util.concurrent.atomic=ALL-UNNAMED --add-opens=java.xml/javax.xml.namespace=ALL-UNNAMED --add-opens=java.base/java.time=ALL-UNNAMED -Xmx6144m -Dfile.encoding=UTF-8 -Duser.country=IN -Duser.language=en -Duser.variant -javaagent:C:\Users\vadit\.gradle\wrapper\dists\gradle-9.1.0-bin\9agqghryom9wkf8r80qlhnts3\gradle-9.1.0\lib\agents\gradle-instrumentation-agent-9.1.0.jar 
java_command: org.gradle.launcher.daemon.bootstrap.GradleDaemon 9.1.0
java_class_path (initial): C:\Users\vadit\.gradle\wrapper\dists\gradle-9.1.0-bin\9agqghryom9wkf8r80qlhnts3\gradle-9.1.0\lib\gradle-daemon-main-9.1.0.jar
Launcher Type: SUN_STANDARD

[Global flags]
     intx CICompilerCount                          = 4                                         {product} {ergonomic}
     uint ConcGCThreads                            = 3                                         {product} {ergonomic}
     uint G1ConcRefinementThreads                  = 10                                        {product} {ergonomic}
   size_t G1HeapRegionSize                         = 4194304                                   {product} {ergonomic}
    uintx GCDrainStackTargetSize                   = 64                                        {product} {ergonomic}
   size_t InitialHeapSize                          = 121634816                                 {product} {ergonomic}
   size_t MarkStackSize                            = 4194304                                   {product} {ergonomic}
   size_t MaxHeapSize                              = 6442450944                                {product} {command line}
   size_t MaxNewSize                               = 3862953984                                {product} {ergonomic}
   size_t MinHeapDeltaBytes                        = 4194304                                   {product} {ergonomic}
   size_t MinHeapSize                              = 8388608                                   {product} {ergonomic}
    uintx NonNMethodCodeHeapSize                   = 5839372                                {pd product} {ergonomic}
    uintx NonProfiledCodeHeapSize                  = 122909434                              {pd product} {ergonomic}
    uintx ProfiledCodeHeapSize                     = 122909434                              {pd product} {ergonomic}
    uintx ReservedCodeCacheSize                    = 251658240                              {pd product} {ergonomic}
     bool SegmentedCodeCache                       = true                                      {product} {ergonomic}
   size_t SoftMaxHeapSize                          = 6442450944                             {manageable} {ergonomic}
     bool UseCompressedOops                        = true                           {product lp64_product} {ergonomic}
     bool UseG1GC                                  = true                                      {product} {ergonomic}
     bool UseLargePagesIndividualAllocation        = false                                  {pd product} {ergonomic}

Logging:
Log output configuration:
 #0: stdout all=warning uptime,level,tags foldmultilines=false
 #1: stderr all=off uptime,level,tags foldmultilines=false

Environment Variables:
PATH=C:\Users\vadit\AppData\Local\Programs\Python\Python313\Scripts\;C:\Users\vadit\AppData\Local\Programs\Python\Python313\;C:\Program Files\Common Files\Oracle\Java\javapath;C:\windows\system32;C:\windows;C:\windows\System32\Wbem;C:\windows\System32\WindowsPowerShell\v1.0\;C:\windows\System32\OpenSSH\;C:\Program Files (x86)\NVIDIA Corporation\PhysX\Common;C:\Program Files\NVIDIA Corporation\NVIDIA NvDLISR;C:\Users\Administrator\AppData\Local\Microsoft\WindowsApps;C:\Program Files\HP\OMEN-Broadcast\Common;C:\WINDOWS\system32;C:\WINDOWS;C:\WINDOWS\System32\Wbem;C:\WINDOWS\System32\WindowsPowerShell\v1.0\;C:\WINDOWS\System32\OpenSSH\;C:\Program Files\nodejs\;C:\ProgramData\chocolatey\bin;C:\Program Files\Git\cmd;C:\Program Files\PowerShell\7\;C:\Program Files\MySQL\MySQL Shell 8.0\bin\;C:\Users\vadit\AppData\Local\Microsoft\WindowsApps;C:\Users\vadit\AppData\Local\Programs\Microsoft VS Code\bin;C:\Program Files\JetBrains\IntelliJ IDEA 2024.3.2.1\bin;;C:\Users\vadit\AppData\Local\Programs\Ollama;C:\Users\vadit\AppData\Roaming\npm;C:\MinGW\bin;C:\Users\vadit\AppData\Local\GitHubDesktop\bin;C:\Users\vadit\AppData\Local\Programs\IntelliJ IDEA Community Edition 2025.2.6.1\bin
USERNAME=vadit
OS=Windows_NT
PROCESSOR_IDENTIFIER=AMD64 Family 25 Model 68 Stepping 1, AuthenticAMD
TMP=C:\Users\vadit\AppData\Local\Temp
TEMP=C:\Users\vadit\AppData\Local\Temp




Periodic native trim disabled

JNI global refs:
JNI global refs: 32, weak refs: 312

JNI global refs memory usage: 835, weak refs: 3993

Process memory usage:
Resident Set Size: 1217436K (16% of 7558520K total physical memory with 1058108K free physical memory)

OOME stack traces (most recent first):
Classloader memory used:
Loader org.gradle.internal.classloader.VisitableURLClassLoader$InstrumentingVisitableURLClassLoader: 91538K
Loader org.gradle.internal.classloader.VisitableURLClassLoader                         : 61925K
Loader bootstrap                                                                       : 37912K
Loader org.gradle.initialization.MixInLegacyTypesClassLoader                           : 16477K
Loader java.net.URLClassLoader                                                         : 16274K
Loader jdk.internal.loader.ClassLoaders$AppClassLoader                                 : 9251K
Loader org.gradle.internal.classloader.VisitableURLClassLoader                         : 8991K
Loader jdk.internal.reflect.DelegatingClassLoader                                      : 1588K
Loader jdk.internal.loader.ClassLoaders$PlatformClassLoader                            : 1130K
Loader org.gradle.groovy.scripts.internal.DefaultScriptCompilationHandler$ScriptClassLoader: 694K
Loader org.codehaus.groovy.runtime.callsite.CallSiteClassLoader                        : 3520B
Loader sun.reflect.misc.MethodUtil                                                     : 2984B

Classes loaded by more than one classloader:
Class com.intellij.gradle.toolingExtension.util.GradleVersionUtil                     : loaded 11 times (x 71B)
Class com.amazon.ion.impl.bin.AbstractIonWriter                                       : loaded 6 times (x 161B)
Class ijJvmDebugger1_53357zji7l1wyytfym7j33u3t$_run_closure1$_closure2                : loaded 6 times (x 140B)
Class org.jetbrains.plugins.gradle.model.IntelliJProjectSettings                      : loaded 6 times (x 70B)
Class com.amazon.ion.UnknownSymbolException                                           : loaded 6 times (x 86B)
Class com.android.ide.gradle.model.composites.BuildMap                                : loaded 6 times (x 70B)
Class com.android.ide.gradle.model.dependencies.DeclaredDependencies                  : loaded 6 times (x 70B)
Class org.jetbrains.plugins.gradle.model.ExternalDependency                           : loaded 6 times (x 70B)
Class com.intellij.util.containers.IntObjectHashMap                                   : loaded 6 times (x 72B)
Class com.amazon.ion.system.IonReaderBuilder                                          : loaded 6 times (x 95B)
Class org.jetbrains.plugins.gradle.model.AnnotationProcessingConfig                   : loaded 6 times (x 70B)
Class com.amazon.ion.IonReader                                                        : loaded 6 times (x 70B)
Class com.amazon.ion.impl.bin.IonRawBinaryWriter$ThrowingRunnable                     : loaded 6 times (x 70B)
Class com.amazon.ion.impl.bin.IonManagedBinaryWriter$UserState$1                      : loaded 6 times (x 85B)
Class org.jetbrains.plugins.gradle.tooling.serialization.internal.IdeaProjectSerializationService$ReadContext: loaded 6 times (x 72B)
Class com.amazon.ion.impl.bin.IonManagedBinaryWriter$LocalSymbolTableView             : loaded 6 times (x 107B)
Class com.amazon.ion.impl._Private_RecyclingStack$Recycler                            : loaded 6 times (x 70B)
Class org.jetbrains.plugins.gradle.tooling.serialization.RepositoriesModelSerializationService$WriteContext: loaded 6 times (x 72B)
Class com.amazon.ion.impl._Private_IonBinaryWriterBuilder                             : loaded 6 times (x 115B)
Class com.amazon.ion.BufferConfiguration$DataHandler                                  : loaded 6 times (x 70B)
Class org.jetbrains.plugins.gradle.tooling.util.IntObjectMap$1                        : loaded 6 times (x 77B)
Class org.gradle.internal.impldep.com.google.common.base.Preconditions                : loaded 6 times (x 71B)
Class com.intellij.gradle.toolingExtension.impl.model.taskModel.GradleTaskSerialisationService: loaded 6 times (x 76B)
Class com.amazon.ion.impl._Private_LocalSymbolTable                                   : loaded 6 times (x 70B)
Class com.amazon.ion.ReadOnlyValueException                                           : loaded 6 times (x 84B)
Class com.amazon.ion.system.SimpleCatalog                                             : loaded 6 times (x 91B)
Class com.amazon.ion.BufferConfiguration                                              : loaded 6 times (x 73B)
Class org.jetbrains.plugins.gradle.tooling.serialization.ExternalTestsSerializationService$WriteContext: loaded 6 times (x 72B)
Class org.jetbrains.kotlin.idea.gradleTooling.KotlinGradleModel                       : loaded 6 times (x 70B)
Class com.amazon.ion.impl.bin.IonManagedBinaryWriter$UserState$2                      : loaded 6 times (x 85B)
Class com.amazon.ion.impl._Private_IonValue                                           : loaded 6 times (x 70B)
Class com.amazon.ion.impl.bin.IonManagedBinaryWriter$SymbolResolverBuilder            : loaded 6 times (x 70B)
Class com.intellij.gradle.toolingExtension.impl.model.sourceSetModel.GradleSourceSetSerialisationService$Companion: loaded 6 times (x 71B)
Class com.amazon.ion.system.IonSystemBuilder$Mutable                                  : loaded 6 times (x 75B)
Class com.amazon.ion.IonClob                                                          : loaded 6 times (x 70B)
Class ijInit1_p76nj6rpjv2aci8pq38um9sp                                                : loaded 6 times (x 171B)
Class com.amazon.ion.IonSexp                                                          : loaded 6 times (x 70B)
Class com.amazon.ion.UnexpectedEofException                                           : loaded 6 times (x 84B)
Class org.jetbrains.plugins.gradle.tooling.serialization.KotlinDslScriptsModelSerializationService: loaded 6 times (x 81B)
Class org.jetbrains.plugins.gradle.model.ExternalProjectDependency                    : loaded 6 times (x 70B)
Class com.amazon.ion.impl.bin.IonManagedBinaryWriter$SymbolState$1                    : loaded 6 times (x 80B)
Class com.amazon.ion.impl.LocalSymbolTableAsStruct$Factory                            : loaded 6 times (x 79B)
Class org.jetbrains.plugins.gradle.tooling.ModelBuilderService$Parameter              : loaded 6 times (x 70B)
Class [Lcom.amazon.ion.IonType;                                                       : loaded 6 times (x 69B)
Class org.jetbrains.plugins.gradle.model.VersionCatalogsModel                         : loaded 6 times (x 70B)
Class com.android.ide.gradle.model.LegacyAndroidGradlePluginProperties                : loaded 6 times (x 70B)
Class com.intellij.gradle.toolingExtension.impl.model.sourceSetDependencyModel.GradleSourceSetDependencySerialisationService$SourceSetDependencyModelReadContext: loaded 6 times (x 72B)
Class org.jetbrains.kotlin.tooling.core.KotlinToolingVersion$Maturity                 : loaded 6 times (x 79B)
Class com.amazon.ion.impl.lite.IonLobLite                                             : loaded 6 times (x 184B)
Class com.amazon.ion.impl.lite.IonTextLite                                            : loaded 6 times (x 181B)
Class com.amazon.ion.IonNumber                                                        : loaded 6 times (x 70B)
Class com.amazon.ion.impl.bin.IonManagedBinaryWriter$UserState$3                      : loaded 6 times (x 85B)
Class com.amazon.ion.util.GzipStreamInterceptor                                       : loaded 6 times (x 85B)
Class com.amazon.ion.IonException                                                     : loaded 6 times (x 84B)
Class org.jetbrains.plugins.gradle.tooling.util.IntObjectMap$ObjectFactory            : loaded 6 times (x 70B)
Class [Lcom.amazon.ion.SymbolToken;                                                   : loaded 6 times (x 69B)
Class com.android.ide.gradle.model.LegacyV1AgpVersionModel                            : loaded 6 times (x 70B)
Class org.jetbrains.plugins.gradle.tooling.serialization.GradleExtensionsSerializationService$ReadContext: loaded 6 times (x 72B)
Class com.intellij.gradle.toolingExtension.impl.model.dependencyModel.DependencyReadContext: loaded 6 times (x 72B)
Class com.amazon.ion.impl.lite.ContainerlessContext                                   : loaded 6 times (x 80B)
Class com.amazon.ion.impl._Private_RecyclingQueue$Recycler                            : loaded 6 times (x 70B)
Class com.amazon.ion.impl.SymbolTableAsStruct                                         : loaded 6 times (x 70B)
Class com.amazon.ion.impl._Private_Utils$1                                            : loaded 6 times (x 89B)
Class com.amazon.ion.impl.lite.IonSequenceLite                                        : loaded 6 times (x 432B)
Class org.gradle.internal.impldep.gnu.trove.TObjectIntProcedure                       : loaded 6 times (x 70B)
Class com.intellij.gradle.toolingExtension.impl.model.projectModel.GradleExternalProjectSerializationService$WriteContext: loaded 6 times (x 73B)
Class org.jetbrains.plugins.gradle.model.UnresolvedExternalDependency                 : loaded 6 times (x 70B)
Class com.amazon.ion.impl.bin._Private_IonManagedBinaryWriterBuilder                  : loaded 6 times (x 72B)
Class com.amazon.ion.impl._Private_IonWriter                                          : loaded 6 times (x 70B)
Class com.amazon.ion.impl.bin.IonManagedBinaryWriter$UserState                        : loaded 6 times (x 85B)
Class org.jetbrains.plugins.gradle.model.ProjectImportModelProvider                   : loaded 6 times (x 70B)
Class org.jetbrains.plugins.gradle.model.ExternalSourceSet                            : loaded 6 times (x 70B)
Class com.amazon.ion.impl.bin.IonManagedBinaryWriter$UserState$4                      : loaded 6 times (x 85B)
Class com.amazon.ion.system.IonBinaryWriterBuilder                                    : loaded 6 times (x 99B)
Class org.jetbrains.plugins.gradle.model.AnnotationProcessingModel                    : loaded 6 times (x 70B)
Class org.jetbrains.plugins.gradle.model.GradleExtensions                             : loaded 6 times (x 70B)
Class com.amazon.ion.impl.bin.IonManagedBinaryWriter$SymbolState$2                    : loaded 6 times (x 80B)
Class com.amazon.ion.IonNull                                                          : loaded 6 times (x 70B)
Class com.intellij.gradle.toolingExtension.impl.model.warmUp.GradleTaskWarmUpRequest  : loaded 6 times (x 70B)
Class [Lcom.amazon.ion.impl.bin.IonRawBinaryWriter$StreamFlushMode;                   : loaded 6 times (x 69B)
Class com.intellij.gradle.toolingExtension.impl.model.sourceSetModel.GradleSourceSetSerialisationService$SourceSetModelWriteContext: loaded 6 times (x 72B)
Class org.jetbrains.plugins.gradle.tooling.serialization.RepositoriesModelSerializationService$ReadContext: loaded 6 times (x 72B)
Class com.amazon.ion.UnsupportedIonVersionException                                   : loaded 6 times (x 85B)
Class [Lcom.amazon.ion.impl.bin.AbstractIonWriter$WriteValueOptimization;             : loaded 6 times (x 69B)
Class [Lcom.amazon.ion.impl.bin.IonManagedBinaryWriter$UserState;                     : loaded 6 times (x 69B)
Class com.intellij.util.ThrowableConsumer                                             : loaded 6 times (x 70B)
Class com.amazon.ion.impl.bin.utf8.Utf8StringEncoder                                  : loaded 6 times (x 80B)
Class com.amazon.ion.IonBool                                                          : loaded 6 times (x 70B)
Class com.amazon.ion.impl.bin.IonRawBinaryWriter$ContainerInfo                        : loaded 6 times (x 74B)
Class com.amazon.ion.impl.bin.IonManagedBinaryWriter$SymbolState$3                    : loaded 6 times (x 80B)
Class org.jetbrains.plugins.gradle.model.GradleSourceSetDependencyModel               : loaded 6 times (x 70B)
Class com.amazon.ion.IonString                                                        : loaded 6 times (x 70B)
Class com.amazon.ion.impl.bin.IonRawBinaryWriter$StreamFlushMode                      : loaded 6 times (x 79B)
Class com.intellij.gradle.toolingExtension.impl.model.sourceSetModel.GradleSourceSetSerialisationService$SourceSetModelReadContext: loaded 6 times (x 72B)
Class com.intellij.gradle.toolingExtension.impl.model.utilTurnOffDefaultTasksModel.TurnOffDefaultTasks: loaded 6 times (x 70B)
Class com.amazon.ion.IonBinaryWriter                                                  : loaded 6 times (x 70B)
Class com.amazon.ion.IonCatalog                                                       : loaded 6 times (x 70B)
Class org.jetbrains.plugins.gradle.tooling.serialization.RepositoriesModelSerializationService: loaded 6 times (x 82B)
Class com.amazon.ion.impl.bin.Symbols                                                 : loaded 6 times (x 71B)
Class com.amazon.ion.IonBufferConfiguration                                           : loaded 6 times (x 73B)
Class com.android.ide.gradle.model.artifacts.AdditionalClassifierArtifactsModel       : loaded 6 times (x 70B)
Class org.jetbrains.kotlin.idea.gradleTooling.AndroidAwareGradleModelProvider$Companion: loaded 6 times (x 71B)
Class com.amazon.ion.IonLoader                                                        : loaded 6 times (x 70B)
Class [Lcom.amazon.ion.impl.bin.IonRawBinaryWriter$StreamCloseMode;                   : loaded 6 times (x 69B)
Class com.amazon.ion.impl.lite.IonSymbolLite                                          : loaded 6 times (x 246B)
Class com.amazon.ion.impl.bin.IonManagedBinaryWriter$ImportedSymbolResolverMode$1     : loaded 6 times (x 80B)
Class com.intellij.gradle.toolingExtension.model.repositoryModel.ProjectRepositoriesModel: loaded 6 times (x 70B)
Class com.intellij.util.containers.IntObjectHashMap$ArrayProducer                     : loaded 6 times (x 70B)
Class org.jetbrains.plugins.gradle.model.GradleProperty                               : loaded 6 times (x 70B)
Class com.amazon.ion.system.IonSystemBuilder                                          : loaded 6 times (x 75B)
Class com.amazon.ion.impl._Private_IonWriterBase                                      : loaded 6 times (x 162B)
Class [Lcom.amazon.ion.impl.bin.IonManagedBinaryWriter$SymbolState;                   : loaded 6 times (x 69B)
Class com.intellij.gradle.toolingExtension.impl.model.sourceSetArtifactIndex.GradleSourceSetArtifactBuildRequest: loaded 6 times (x 70B)
Class com.android.ide.gradle.model.dependencies.Coordinates                           : loaded 6 times (x 70B)
Class org.jetbrains.plugins.gradle.model.GradleSourceSetModel                         : loaded 6 times (x 70B)
Class com.intellij.gradle.toolingExtension.impl.model.sourceSetDependencyModel.GradleSourceSetDependencySerialisationService: loaded 6 times (x 77B)
Class com.intellij.gradle.toolingExtension.impl.model.utilDummyModel.DummyModel       : loaded 6 times (x 70B)
Class org.jetbrains.plugins.gradle.tooling.serialization.internal.IdeaProjectSerializationService$WriteContext: loaded 6 times (x 72B)
Class com.amazon.ion.impl.bin.BlockAllocatorProvider                                  : loaded 6 times (x 72B)
Class com.amazon.ion.impl.bin.IonManagedBinaryWriter$SymbolState$4                    : loaded 6 times (x 80B)
Class com.amazon.ion.impl.bin.IonManagedBinaryWriter$ImportedSymbolResolverMode$2     : loaded 6 times (x 80B)
Class [Lcom.amazon.ion.util.InputStreamInterceptor;                                   : loaded 6 times (x 69B)
Class org.gradle.internal.impldep.gnu.trove.TObjectIdentityHashingStrategy            : loaded 6 times (x 78B)
Class org.jetbrains.plugins.gradle.tooling.serialization.ProjectDependenciesSerializationService$ReadContext: loaded 6 times (x 72B)
Class com.intellij.openapi.externalSystem.model.project.dependencies.ProjectDependencies: loaded 6 times (x 70B)
Class org.gradle.internal.impldep.gnu.trove.TObjectHashingStrategy                    : loaded 6 times (x 70B)
Class org.jetbrains.plugins.gradle.tooling.serialization.internal.IdeaProjectSerializationService$WriteContext$1: loaded 6 times (x 83B)
Class org.jetbrains.plugins.gradle.model.ExternalProject                              : loaded 6 times (x 70B)
Class org.jetbrains.plugins.gradle.model.FileCollectionDependency                     : loaded 6 times (x 70B)
Class com.amazon.ion.impl._Private_Utils                                              : loaded 6 times (x 71B)
Class com.intellij.gradle.toolingExtension.impl.model.taskModel.GradleTaskSerialisationService$Companion: loaded 6 times (x 71B)
Class org.jetbrains.plugins.gradle.tooling.serialization.GradleExtensionsSerializationService$WriteContext: loaded 6 times (x 72B)
Class com.intellij.openapi.externalSystem.model.project.IExternalSystemSourceType     : loaded 6 times (x 70B)
Class org.jetbrains.kotlin.idea.projectModel.KotlinTaskProperties                     : loaded 6 times (x 70B)
Class com.amazon.ion.impl._Private_IonReaderBuilder$Mutable                           : loaded 6 times (x 97B)
Class org.jetbrains.plugins.gradle.tooling.serialization.internal.IdeaProjectSerializationService: loaded 6 times (x 77B)
Class org.jetbrains.plugins.gradle.javaModel.JavaGradleManifestModel                  : loaded 6 times (x 70B)
Class com.amazon.ion.SymbolTable                                                      : loaded 6 times (x 70B)
Class com.amazon.ion.impl.bin.IonManagedBinaryWriter$ImportDescriptor                 : loaded 6 times (x 76B)
Class [Lcom.amazon.ion.util.GzipStreamInterceptor;                                    : loaded 6 times (x 69B)
Class com.amazon.ion.impl.lite.IonTimestampLite                                       : loaded 6 times (x 192B)
Class com.amazon.ion.impl.LocalSymbolTableAsStruct                                    : loaded 6 times (x 126B)
Class org.jetbrains.plugins.gradle.tooling.util.ObjectCollector                       : loaded 6 times (x 72B)
Class org.jetbrains.plugins.gradle.model.GradleTaskModel                              : loaded 6 times (x 70B)
Class com.amazon.ion.impl.lite.IonSystemLite                                          : loaded 6 times (x 275B)
Class com.amazon.ion.util.InputStreamInterceptor                                      : loaded 6 times (x 70B)
Class com.amazon.ion.impl.bin.IonRawBinaryWriter$PreallocationMode                    : loaded 6 times (x 82B)
Class com.amazon.ion.impl.bin._Private_IonRawWriter                                   : loaded 6 times (x 70B)
Class com.amazon.ion.IonWriter                                                        : loaded 6 times (x 70B)
Class com.amazon.ion.impl.bin._Private_IonManagedBinaryWriterBuilder$AllocatorMode    : loaded 6 times (x 80B)
Class com.amazon.ion.impl._Private_SymbolToken                                        : loaded 6 times (x 70B)
Class com.amazon.ion.impl.bin.IonManagedBinaryWriter$SymbolResolver                   : loaded 6 times (x 70B)
Class com.amazon.ion.impl.bin.utf8.Pool                                               : loaded 6 times (x 74B)
Class com.amazon.ion.impl.bin.IonManagedBinaryWriter$SymbolState                      : loaded 6 times (x 80B)
Class com.amazon.ion.IonStruct                                                        : loaded 6 times (x 70B)
Class com.amazon.ion.impl._Private_SymtabExtendsCache                                 : loaded 6 times (x 72B)
Class com.intellij.gradle.toolingExtension.impl.model.projectModel.GradleExternalProjectSerializationService$ReadContext: loaded 6 times (x 73B)
Class com.intellij.gradle.toolingExtension.impl.model.dependencyModel.DependencyWriteContext: loaded 6 times (x 72B)
Class org.jetbrains.plugins.gradle.tooling.serialization.internal.IdeaProjectSerializationService$WriteContext$2: loaded 6 times (x 83B)
Class com.intellij.gradle.toolingExtension.impl.model.buildScriptClasspathModel.GradleBuildScriptClasspathSerializationService: loaded 6 times (x 77B)
Class com.amazon.ion.ValueFactory                                                     : loaded 6 times (x 70B)
Class [Lcom.amazon.ion.impl.bin.IonManagedBinaryWriter$ImportedSymbolResolverMode;    : loaded 6 times (x 69B)
Class com.amazon.ion.SubstituteSymbolTableException                                   : loaded 6 times (x 84B)
Class com.amazon.ion.impl.IonWriterSystemText                                         : loaded 6 times (x 190B)
Class com.amazon.ion.impl.lite.IonContext                                             : loaded 6 times (x 70B)
Class com.amazon.ion.impl.lite.IonLoaderLite                                          : loaded 6 times (x 82B)
Class com.amazon.ion.impl._Private_RecyclingQueue$ElementFactory                      : loaded 6 times (x 70B)
Class com.amazon.ion.impl._Private_IonContainer                                       : loaded 6 times (x 70B)
Class com.intellij.gradle.toolingExtension.impl.model.buildScriptClasspathModel.GradleBuildScriptClasspathSerializationService$ReadContext: loaded 6 times (x 72B)
Class org.gradle.internal.impldep.gnu.trove.TObjectIntHashMap                         : loaded 6 times (x 109B)
Class com.amazon.ion.impl.SymbolTokenImpl                                             : loaded 6 times (x 81B)
Class com.amazon.ion.IonText                                                          : loaded 6 times (x 70B)
Class com.amazon.ion.impl.bin.utf8.Pool$Allocator                                     : loaded 6 times (x 70B)
Class com.amazon.ion.impl.bin.utf8.Utf8StringEncoder$Result                           : loaded 6 times (x 74B)
Class com.amazon.ion.impl.bin.IonManagedBinaryWriter$ImportedSymbolResolverMode       : loaded 6 times (x 80B)
Class com.amazon.ion.impl.bin.utf8.Utf8StringEncoderPool$1                            : loaded 6 times (x 76B)
Class org.jetbrains.plugins.gradle.model.ExternalTask                                 : loaded 6 times (x 70B)
Class com.amazon.ion.impl.LocalSymbolTable$Factory                                    : loaded 6 times (x 77B)
Class com.intellij.openapi.externalSystem.model.ExternalSystemException               : loaded 6 times (x 86B)
Class ijJvmDebugger1_53357zji7l1wyytfym7j33u3t                                        : loaded 6 times (x 171B)
Class com.amazon.ion.impl._Private_IonSymbol                                          : loaded 6 times (x 70B)
Class com.amazon.ion.impl.lite.IonValueLite                                           : loaded 6 times (x 147B)
Class com.amazon.ion.IonContainer                                                     : loaded 6 times (x 70B)
Class org.jetbrains.plugins.gradle.model.GradleBuildScriptClasspathModel              : loaded 6 times (x 70B)
Class com.amazon.ion.impl.bin.PooledBlockAllocatorProvider                            : loaded 6 times (x 73B)
Class org.jetbrains.plugins.gradle.tooling.serialization.AnnotationProcessingModelSerializationService$ReadContext: loaded 6 times (x 72B)
Class org.jetbrains.plugins.gradle.model.GradleConfiguration                          : loaded 6 times (x 70B)
Class com.amazon.ion.impl.bin.utf8.Utf8StringEncoderPool                              : loaded 6 times (x 74B)
Class com.amazon.ion.impl._Private_RecyclingStack$$Iterator                           : loaded 6 times (x 99B)
Class com.amazon.ion.impl.SharedSymbolTable                                           : loaded 6 times (x 93B)
Class com.amazon.ion.impl.bin.IonRawBinaryWriter                                      : loaded 6 times (x 169B)
Class com.amazon.ion.SymbolToken                                                      : loaded 6 times (x 70B)
Class com.amazon.ion.impl._Private_IonSystem                                          : loaded 6 times (x 70B)
Class com.amazon.ion.BufferConfiguration$OversizedValueHandler                        : loaded 6 times (x 70B)
Class com.amazon.ion.impl.bin.Block                                                   : loaded 6 times (x 79B)
Class ijKotlinCoroutineJvmDebugInit1_242330bo8bvw2v383c7tco5cp$_run_closure1          : loaded 6 times (x 139B)
Class org.jetbrains.plugins.gradle.tooling.serialization.internal.IdeaProjectSerializationService$WriteContext$3: loaded 6 times (x 83B)
Class com.amazon.ion.IonFloat                                                         : loaded 6 times (x 70B)
Class com.amazon.ion.impl.lite.IonListLite                                            : loaded 6 times (x 490B)
Class [Lcom.amazon.ion.impl.bin.IonRawBinaryWriter$ContainerType;                     : loaded 6 times (x 69B)
Class org.jetbrains.kotlin.idea.gradleTooling.AndroidAwareGradleModelProvider         : loaded 6 times (x 79B)
Class com.amazon.ion.impl.lite.IonSexpLite                                            : loaded 6 times (x 490B)
Class org.jetbrains.plugins.gradle.tooling.serialization.internal.IdeaProjectSerializationService$WriteContext$4: loaded 6 times (x 83B)
Class com.intellij.gradle.toolingExtension.impl.model.sourceSetDependencyModel.GradleSourceSetDependencySerialisationService$Companion: loaded 6 times (x 71B)
Class com.amazon.ion.impl.lite.IonStringLite                                          : loaded 6 times (x 212B)
Class com.amazon.ion.impl.bin.PooledBlockAllocatorProvider$PooledBlockAllocator$1     : loaded 6 times (x 79B)
Class com.amazon.ion.impl.bin.AbstractIonWriter$WriteValueOptimization                : loaded 6 times (x 79B)
Class com.amazon.ion.IonDecimal                                                       : loaded 6 times (x 70B)
Class org.jetbrains.plugins.gradle.model.tests.ExternalTestsModel                     : loaded 6 times (x 70B)
Class com.amazon.ion.impl.lite.IonBoolLite                                            : loaded 6 times (x 178B)
Class org.gradle.internal.impldep.gnu.trove.TObjectHash$NULL                          : loaded 6 times (x 71B)
Class [Lorg.jetbrains.kotlin.tooling.core.KotlinToolingVersion$Maturity;              : loaded 6 times (x 69B)
Class org.gradle.internal.impldep.gnu.trove.TObjectCanonicalHashingStrategy           : loaded 6 times (x 80B)
Class com.amazon.ion.BufferConfiguration$Builder                                      : loaded 6 times (x 78B)
Class org.jetbrains.plugins.gradle.tooling.serialization.internal.IdeaProjectSerializationService$WriteContext$5: loaded 6 times (x 83B)
Class com.intellij.gradle.toolingExtension.impl.model.sourceSetDependencyModel.GradleSourceSetDependencySerialisationService$SourceSetDependencyModelWriteContext: loaded 6 times (x 72B)
Class com.amazon.ion.impl.bin.IonRawBinaryWriter$StreamCloseMode                      : loaded 6 times (x 79B)
Class com.amazon.ion.impl._Private_IonBinaryWriterBuilder$Mutable                     : loaded 6 times (x 115B)
Class com.intellij.gradle.toolingExtension.impl.model.projectModel.GradleExternalProjectSerializationService: loaded 6 times (x 77B)
Class com.amazon.ion.impl._Private_RecyclingQueue$ElementIterator                     : loaded 6 times (x 82B)
Class com.intellij.gradle.toolingExtension.impl.model.buildScriptClasspathModel.GradleBuildScriptClasspathSerializationService$WriteContext: loaded 6 times (x 72B)
Class com.amazon.ion.IonMutableCatalog                                                : loaded 6 times (x 70B)
Class com.amazon.ion.IonBufferConfiguration$Builder                                   : loaded 6 times (x 78B)
Class com.amazon.ion.impl._Private_IonReaderBuilder                                   : loaded 6 times (x 97B)
Class com.amazon.ion.impl._Private_RecyclingStack                                     : loaded 6 times (x 79B)
Class org.jetbrains.kotlin.idea.gradleTooling.model.kapt.KaptGradleModel              : loaded 6 times (x 70B)
Class org.gradle.internal.impldep.gnu.trove.PrimeFinder                               : loaded 6 times (x 71B)
Class org.jetbrains.plugins.gradle.ExternalDependencyId                               : loaded 6 times (x 70B)
Class org.jetbrains.kotlin.idea.gradleTooling.KotlinDslScriptAdditionalTask           : loaded 6 times (x 70B)
Class org.jetbrains.plugins.gradle.model.ClasspathEntryModel                          : loaded 6 times (x 70B)
Class com.amazon.ion.impl.lite._Private_LiteDomTrampoline                             : loaded 6 times (x 71B)
Class com.amazon.ion.IonType                                                          : loaded 6 times (x 79B)
Class com.amazon.ion.impl.lite.IonDecimalLite                                         : loaded 6 times (x 188B)
Class org.jetbrains.plugins.gradle.tooling.serialization.internal.IdeaProjectSerializationService$WriteContext$6: loaded 6 times (x 83B)
Class org.jetbrains.plugins.gradle.tooling.util.IntObjectMap                          : loaded 6 times (x 73B)
Class org.gradle.internal.impldep.gnu.trove.Equality                                  : loaded 6 times (x 70B)
Class com.amazon.ion.impl.bin._Private_IonManagedBinaryWriterBuilder$AllocatorMode$2  : loaded 6 times (x 80B)
Class org.jetbrains.plugins.gradle.model.GradleExtension                              : loaded 6 times (x 70B)
Class com.amazon.ion.impl._Private_IonTextWriterBuilder                               : loaded 6 times (x 102B)
Class com.amazon.ion.impl.lite.IonFloatLite                                           : loaded 6 times (x 186B)
Class org.jetbrains.kotlin.tooling.core.KotlinToolingVersion                          : loaded 6 times (x 75B)
Class org.jetbrains.plugins.gradle.tooling.serialization.ExternalTestsSerializationService$ReadContext: loaded 6 times (x 72B)
Class com.amazon.ion.impl.bin.IonRawBinaryWriter$PreallocationMode$3                  : loaded 6 times (x 82B)
Class org.jetbrains.kotlin.tooling.core.KotlinToolingVersionKt                        : loaded 6 times (x 71B)
Class com.amazon.ion.impl.lite.ValueFactoryLite                                       : loaded 6 times (x 218B)
Class com.amazon.ion.IonTimestamp                                                     : loaded 6 times (x 70B)
Class com.amazon.ion.impl.bin.PooledBlockAllocatorProvider$PooledBlockAllocator       : loaded 6 times (x 81B)
Class org.jetbrains.plugins.gradle.tooling.serialization.ProjectDependenciesSerializationService: loaded 6 times (x 77B)
Class org.jetbrains.plugins.gradle.tooling.serialization.GradleExtensionsSerializationService: loaded 6 times (x 77B)
Class org.jetbrains.plugins.gradle.tooling.serialization.ProjectDependenciesSerializationService$WriteContext: loaded 6 times (x 72B)
Class com.amazon.ion.impl.bin._Private_IonManagedBinaryWriterBuilder$AllocatorMode$1  : loaded 6 times (x 80B)
Class com.android.ide.gradle.model.GradlePluginModel                                  : loaded 6 times (x 70B)
Class com.amazon.ion.Decimal                                                          : loaded 6 times (x 133B)
Class [Lcom.amazon.ion.impl.bin.IonRawBinaryWriter$PreallocationMode;                 : loaded 6 times (x 69B)
Class org.jetbrains.kotlin.idea.gradleTooling.PrepareKotlinIdeImportTaskModel         : loaded 6 times (x 70B)
Class com.amazon.ion.impl.bin.IonRawBinaryWriter$PreallocationMode$2                  : loaded 6 times (x 82B)
Class com.amazon.ion.util._Private_FastAppendable                                     : loaded 6 times (x 70B)
Class com.amazon.ion.IonInt                                                           : loaded 6 times (x 70B)
Class com.amazon.ion.impl._Private_IonReaderBuilder$TwoElementInputStream             : loaded 6 times (x 92B)
Class com.amazon.ion.impl.bin.AbstractSymbolTable                                     : loaded 6 times (x 107B)
Class ijJvmDebugger1_53357zji7l1wyytfym7j33u3t$_run_closure1                          : loaded 6 times (x 139B)
Class com.amazon.ion.impl.lite.IonIntLite                                             : loaded 6 times (x 189B)
Class com.amazon.ion.impl._Private_ReaderWriter                                       : loaded 6 times (x 70B)
Class com.amazon.ion.impl.lite.IonStructLite                                          : loaded 6 times (x 298B)
Class com.intellij.compose.ide.plugin.gradleTooling.rt.ComposeResourcesModel          : loaded 6 times (x 70B)
Class com.amazon.ion.impl.IonWriterSystemTextMarkup                                   : loaded 6 times (x 192B)
Class com.amazon.ion.impl.bin.BlockAllocator                                          : loaded 6 times (x 80B)
Class org.jetbrains.kotlin.idea.gradleTooling.KotlinGradlePluginVersion               : loaded 6 times (x 70B)
Class org.jetbrains.plugins.gradle.model.RepositoryModels                             : loaded 6 times (x 70B)
Class org.jetbrains.plugins.gradle.tooling.serialization.internal.IdeaProjectSerializationService$WriteContext$7: loaded 6 times (x 83B)
Class com.amazon.ion.IonDatagram                                                      : loaded 6 times (x 70B)
Class com.amazon.ion.impl._Private_RecyclingStack$ElementFactory                      : loaded 6 times (x 70B)
Class com.amazon.ion.impl.bin.IonManagedBinaryWriter$ImportedSymbolResolverMode$1$1   : loaded 6 times (x 78B)
Class com.amazon.ion.impl._Private_ByteTransferSink                                   : loaded 6 times (x 70B)
Class com.amazon.ion.impl.BlockedBuffer$BufferedOutputStream                          : loaded 6 times (x 90B)
Class com.intellij.openapi.externalSystem.model.project.dependencies.ResolutionState  : loaded 6 times (x 79B)
Class com.amazon.ion.impl.bin.IonRawBinaryWriter$PatchPoint                           : loaded 6 times (x 73B)
Class com.amazon.ion.IonBlob                                                          : loaded 6 times (x 70B)
Class com.amazon.ion.impl.bin.IonBinaryWriterAdapter$Factory                          : loaded 6 times (x 70B)
Class com.amazon.ion.IonLob                                                           : loaded 6 times (x 70B)
Class com.intellij.gradle.toolingExtension.impl.model.dependencyDownloadPolicyModel.GradleDependencyDownloadPolicy: loaded 6 times (x 70B)
Class com.intellij.gradle.toolingExtension.impl.model.sourceSetModel.GradleSourceSetSerialisationService: loaded 6 times (x 77B)
Class org.gradle.internal.impldep.gnu.trove.THash                                     : loaded 6 times (x 81B)
Class org.jetbrains.plugins.gradle.model.ExternalLibraryDependency                    : loaded 6 times (x 70B)
Class org.jetbrains.plugins.gradle.tooling.serialization.AnnotationProcessingModelSerializationService$WriteContext: loaded 6 times (x 72B)
Class com.amazon.ion.IonSymbol                                                        : loaded 6 times (x 70B)
Class com.amazon.ion.impl.bin.utf8.Poolable                                           : loaded 6 times (x 79B)
Class [Lcom.amazon.ion.SymbolTable;                                                   : loaded 6 times (x 69B)
Class com.amazon.ion.IonSequence                                                      : loaded 6 times (x 70B)
Class org.jetbrains.plugins.gradle.tooling.serialization.ExternalTestsSerializationService: loaded 6 times (x 77B)
Class org.jetbrains.kotlin.idea.gradleTooling.KotlinMPPGradleModel                    : loaded 6 times (x 70B)
Class [Lcom.amazon.ion.impl.bin._Private_IonManagedBinaryWriterBuilder$AllocatorMode; : loaded 6 times (x 69B)
Class com.amazon.ion.impl.bin.IonRawBinaryWriter$PreallocationMode$1                  : loaded 6 times (x 82B)
Class ijInit1_p76nj6rpjv2aci8pq38um9sp$_run_closure1                                  : loaded 6 times (x 140B)
Class com.amazon.ion.impl._Private_ValueFactory                                       : loaded 6 times (x 70B)
Class com.amazon.ion.impl.bin.WriteBuffer                                             : loaded 6 times (x 78B)
Class com.amazon.ion.impl.lite.IonClobLite                                            : loaded 6 times (x 220B)
Class com.amazon.ion.impl.bin.IonManagedBinaryWriter                                  : loaded 6 times (x 166B)
Class org.jetbrains.plugins.gradle.tooling.serialization.internal.IdeaProjectSerializationService$WriteContext$8: loaded 6 times (x 83B)
Class com.amazon.ion.facet.Faceted                                                    : loaded 6 times (x 70B)
Class org.jetbrains.plugins.gradle.tooling.serialization.ToolingStreamApiUtils        : loaded 6 times (x 71B)
Class com.amazon.ion.system.IonWriterBuilder                                          : loaded 6 times (x 74B)
Class com.amazon.ion.IonBufferConfiguration$OversizedSymbolTableHandler               : loaded 6 times (x 70B)
Class ijKotlinCoroutineJvmDebugInit1_242330bo8bvw2v383c7tco5cp$_run_closure1$_closure2: loaded 6 times (x 139B)
Class com.amazon.ion.impl.lite.IonContainerLite                                       : loaded 6 times (x 248B)
Class com.amazon.ion.impl._Private_RecyclingQueue                                     : loaded 6 times (x 80B)
Class com.amazon.ion.impl.bin.IonRawBinaryWriter$1                                    : loaded 6 times (x 77B)
Class com.amazon.ion.system.IonTextWriterBuilder                                      : loaded 6 times (x 98B)
Class com.amazon.ion.impl.bin.IonManagedBinaryWriter$ImportedSymbolResolverMode$1$1$1 : loaded 6 times (x 76B)
Class com.amazon.ion.impl._Private_LocalSymbolTableFactory                            : loaded 6 times (x 70B)
Class com.amazon.ion.IonValue                                                         : loaded 6 times (x 70B)
Class org.jetbrains.plugins.gradle.tooling.util.ObjectCollector$Processor             : loaded 6 times (x 70B)
Class com.amazon.ion.impl.bin.IonManagedBinaryWriter$ImportedSymbolContext            : loaded 6 times (x 72B)
Class com.amazon.ion.IonSystem                                                        : loaded 6 times (x 70B)
Class com.amazon.ion.impl.bin._Private_IonManagedWriter                               : loaded 6 times (x 70B)
Class com.amazon.ion.impl.bin.Symbols$2                                               : loaded 6 times (x 107B)
Class com.amazon.ion.impl.IonWriterSystem                                             : loaded 6 times (x 171B)
Class com.android.ide.gradle.model.GradlePropertiesModel                              : loaded 6 times (x 70B)
Class com.amazon.ion.system.IonWriterBuilderBase                                      : loaded 6 times (x 83B)
Class com.amazon.ion.impl.bin.IntList                                                 : loaded 6 times (x 77B)
Class ijKotlinCoroutineJvmDebugInit1_242330bo8bvw2v383c7tco5cp                        : loaded 6 times (x 171B)
Class com.amazon.ion.impl.lite.IonBlobLite                                            : loaded 6 times (x 219B)
Class org.jetbrains.plugins.gradle.tooling.serialization.AnnotationProcessingModelSerializationService: loaded 6 times (x 77B)
Class com.amazon.ion.impl.LocalSymbolTable                                            : loaded 6 times (x 121B)
Class org.gradle.internal.impldep.gnu.trove.TObjectHash                               : loaded 6 times (x 94B)
Class org.jetbrains.plugins.gradle.tooling.serialization.internal.adapter.Supplier    : loaded 6 times (x 70B)
Class org.jetbrains.plugins.gradle.tooling.serialization.SerializationService         : loaded 6 times (x 70B)
Class org.jetbrains.plugins.gradle.model.IntelliJSettings                             : loaded 6 times (x 70B)
Class com.amazon.ion.impl.bin.IonRawBinaryWriter$ContainerType                        : loaded 6 times (x 79B)
Class com.amazon.ion.impl._Private_IonTextWriterBuilder$Mutable                       : loaded 6 times (x 102B)
Class org.jetbrains.kotlin.idea.gradleTooling.KotlinSourceSetContainer                : loaded 6 times (x 70B)
Class org.jetbrains.kotlin.idea.gradleTooling.model.kapt.KaptSourceSetModel           : loaded 6 times (x 70B)
Class [Lcom.intellij.openapi.externalSystem.model.project.dependencies.ResolutionState;: loaded 6 times (x 69B)
Class org.jetbrains.plugins.gradle.model.DependencyAccessorsModel                     : loaded 6 times (x 70B)
Class com.amazon.ion.impl.lite.IonNullLite                                            : loaded 6 times (x 175B)
Class com.amazon.ion.IonList                                                          : loaded 6 times (x 70B)
Class com.intellij.gradle.toolingExtension.impl.model.sourceSetModel.GradleSourceSetModelBuilder: loaded 5 times (x 86B)
Class org.jetbrains.kotlin.idea.gradleTooling.reflect.TypeToken                       : loaded 5 times (x 72B)
Class org.jetbrains.plugins.gradle.tooling.util.StringUtils                           : loaded 5 times (x 71B)
Class org.gradle.internal.impldep.com.google.gson.internal.bind.ArrayTypeAdapter      : loaded 5 times (x 74B)
Class org.jetbrains.kotlin.idea.gradleTooling.model.samWithReceiver.SamWithReceiverModelBuilderService: loaded 5 times (x 85B)
Class org.jetbrains.kotlin.idea.gradleTooling.ModelBuilderUtilsKt                     : loaded 5 times (x 71B)
Class org.gradle.internal.impldep.com.google.common.collect.AbstractIterator          : loaded 5 times (x 82B)
Class com.android.ide.gradle.model.composites.BuildMapModelBuilder                    : loaded 5 times (x 75B)
Class org.jetbrains.kotlin.idea.gradleTooling.reflect.KotlinSourceSetReflectionKt     : loaded 5 times (x 71B)
Class org.gradle.internal.impldep.com.google.gson.internal.bind.TypeAdapters$17       : loaded 5 times (x 75B)
Class org.jetbrains.plugins.gradle.tooling.builder.EarModelBuilderImpl                : loaded 5 times (x 86B)
Class org.jetbrains.plugins.gradle.tooling.ModelBuilderService$ParameterizedModelBuilderService: loaded 5 times (x 70B)
Class JetGradlePlugin                                                                 : loaded 5 times (x 96B)
Class org.gradle.internal.impldep.com.google.gson.internal.bind.CollectionTypeAdapterFactory: loaded 5 times (x 75B)
Class org.jetbrains.kotlin.idea.gradleTooling.OrphanSourceSetImportingChecker         : loaded 5 times (x 74B)
Class org.jetbrains.kotlin.idea.gradleTooling.model.parcelize.ParcelizeModelBuilderService: loaded 5 times (x 81B)
Class org.jetbrains.kotlin.idea.gradleTooling.KotlinDslScriptTaskModelBuilder$Companion: loaded 5 times (x 71B)
Class com.intellij.gradle.toolingExtension.impl.javaModel.manifestModel.JavaGradleManifestModelBuilder: loaded 5 times (x 86B)
Class org.gradle.internal.impldep.com.google.gson.internal.sql.SqlTimeTypeAdapter$1   : loaded 5 times (x 75B)
Class ijKotlinCoroutineJvmDebugInit1_242330bo8bvw2v383c7tco5cp$_run_closure1$_closure3: loaded 5 times (x 139B)
Class org.jetbrains.kotlin.idea.gradleTooling.KotlinGradleModelBuilder                : loaded 5 times (x 86B)
Class com.intellij.gradle.toolingExtension.impl.model.resourceFilterModel.GradleResourceFilterModelBuilder: loaded 5 times (x 71B)
Class org.jetbrains.plugins.gradle.tooling.serialization.ExternalTestsSerializationService$1: loaded 5 times (x 76B)
Class org.jetbrains.kotlin.idea.gradleTooling.reflect.KotlinCompilerArgumentsResolverReflection: loaded 5 times (x 70B)
Class org.jetbrains.kotlin.tooling.core.InternerImpl$Store$Strong                     : loaded 5 times (x 76B)
Class org.gradle.internal.impldep.com.google.gson.reflect.TypeToken                   : loaded 5 times (x 75B)
Class org.jetbrains.kotlin.idea.gradleTooling.AndroidAwareGradleModelProvider$Result  : loaded 5 times (x 72B)
Class org.jetbrains.kotlin.idea.gradleTooling.reflect.ReflectionKt                    : loaded 5 times (x 71B)
Class org.gradle.internal.impldep.com.google.common.collect.Iterators$9               : loaded 5 times (x 81B)
Class org.jetbrains.kotlin.idea.gradleTooling.KotlinTaskPropertiesImpl                : loaded 5 times (x 78B)
Class org.jetbrains.plugins.gradle.tooling.serialization.GradleExtensionsSerializationService$3: loaded 5 times (x 76B)
Class com.android.ide.gradle.model.dependencies.DeclaredDependenciesImpl              : loaded 5 times (x 76B)
Class org.jetbrains.kotlin.idea.gradleTooling.reflect.TypeToken$Companion             : loaded 5 times (x 71B)
Class com.intellij.gradle.toolingExtension.impl.model.warmUp.GradleTaskWarmUpService  : loaded 5 times (x 86B)
Class com.intellij.gradle.toolingExtension.impl.modelBuilder.DefaultModelBuilderContext: loaded 5 times (x 77B)
Class com.android.ide.gradle.model.dependencies.DeclaredDependenciesModelBuilderKt    : loaded 5 times (x 71B)
Class org.gradle.internal.impldep.com.google.gson.internal.bind.TypeAdapters$18       : loaded 5 times (x 75B)
Class org.gradle.internal.impldep.com.google.gson.stream.JsonReader                   : loaded 5 times (x 97B)
Class org.jetbrains.plugins.gradle.model.tests.DefaultExternalTestsModel              : loaded 5 times (x 77B)
Class org.gradle.internal.impldep.com.google.gson.FieldNamingPolicy$1                 : loaded 5 times (x 83B)
Class com.android.ide.gradle.model.composites.BuildMapImpl                            : loaded 5 times (x 75B)
Class com.intellij.compose.ide.plugin.gradleTooling.rt.ComposeResourcesExtension      : loaded 5 times (x 72B)
Class org.gradle.internal.impldep.com.google.gson.internal.ObjectConstructor          : loaded 5 times (x 70B)
Class org.gradle.internal.impldep.com.google.gson.internal.sql.SqlDateTypeAdapter     : loaded 5 times (x 74B)
Class org.gradle.internal.impldep.com.google.gson.stream.MalformedJsonException       : loaded 5 times (x 82B)
Class org.gradle.internal.impldep.com.google.gson.internal.bind.TypeAdapters$16       : loaded 5 times (x 75B)
Class [Lcom.android.ide.gradle.model.builder.LegacyAndroidGradlePluginPropertiesModelBuilder$PluginType;: loaded 5 times (x 69B)
Class com.intellij.gradle.toolingExtension.impl.model.buildScriptClasspathModel.DefaultGradleBuildScriptClasspathModel: loaded 5 times (x 83B)
Class org.jetbrains.kotlin.idea.gradleTooling.reflect.KotlinSourceSetReflectionImpl$Companion: loaded 5 times (x 71B)
Class com.intellij.gradle.toolingExtension.impl.util.javaPluginUtil.JavaPluginUtil    : loaded 5 times (x 71B)
Class org.gradle.internal.impldep.com.google.common.base.Objects                      : loaded 5 times (x 71B)
Class org.gradle.internal.impldep.com.google.common.collect.UnmodifiableIterator      : loaded 5 times (x 80B)
Class com.intellij.gradle.toolingExtension.impl.modelBuilder.DefaultMessageReporter   : loaded 5 times (x 75B)
Class org.gradle.internal.impldep.com.google.gson.internal.bind.ReflectiveTypeAdapterFactory$Adapter: loaded 5 times (x 77B)
Class org.gradle.internal.impldep.com.google.gson.internal.bind.TypeAdapters$1        : loaded 5 times (x 75B)
Class com.intellij.gradle.toolingExtension.impl.model.sourceSetDependencyModel.GradleSourceSetDependencyResolver: loaded 5 times (x 72B)
Class org.gradle.internal.impldep.com.google.gson.internal.bind.SerializationDelegatingTypeAdapter: loaded 5 times (x 74B)
Class org.jetbrains.plugins.gradle.model.DefaultExternalProject                       : loaded 5 times (x 95B)
Class org.jetbrains.kotlin.idea.gradleTooling.model.lombok.LombokModelBuilderService  : loaded 5 times (x 87B)
Class com.intellij.gradle.toolingExtension.impl.model.buildScriptClasspathModel.GradleBuildScriptClasspathSerializationService$1: loaded 5 times (x 76B)
Class org.gradle.internal.impldep.com.google.gson.internal.bind.JsonTreeReader        : loaded 5 times (x 98B)
Class org.gradle.internal.impldep.com.google.gson.internal.Streams$AppendableWriter   : loaded 5 times (x 99B)
Class org.jetbrains.kotlin.idea.gradleTooling.reflect.KotlinExtensionReflection$Companion: loaded 5 times (x 71B)
Class org.jetbrains.kotlin.idea.gradleTooling.reflect.KotlinExtensionReflection       : loaded 5 times (x 72B)
Class org.gradle.internal.impldep.com.google.gson.internal.Primitives                 : loaded 5 times (x 71B)
Class org.jetbrains.kotlin.idea.gradleTooling.reflect.ParameterList                   : loaded 5 times (x 173B)
Class com.intellij.gradle.toolingExtension.impl.util.javaPluginUtil.JavaPluginAccessor: loaded 5 times (x 70B)
Class org.jetbrains.plugins.gradle.tooling.serialization.GradleExtensionsSerializationService$2: loaded 5 times (x 76B)
Class com.android.ide.gradle.model.artifacts.builder.AdditionalClassifierArtifactsModelBuilder: loaded 5 times (x 79B)
Class com.intellij.gradle.toolingExtension.impl.model.sourceSetDependencyModel.GradleSourceSetDependencyModelBuilder: loaded 5 times (x 86B)
Class JetGradlePlugin$_apply_closure1                                                 : loaded 5 times (x 140B)
Class org.gradle.internal.impldep.com.google.common.collect.Iterators$SingletonIterator: loaded 5 times (x 81B)
Class org.jetbrains.plugins.gradle.tooling.builder.IntelliJProjectSettingsBuilder     : loaded 5 times (x 78B)
Class org.gradle.internal.impldep.com.google.gson.internal.bind.ReflectiveTypeAdapterFactory: loaded 5 times (x 75B)
Class com.intellij.gradle.toolingExtension.impl.util.GradleProjectUtil                : loaded 5 times (x 71B)
Class org.gradle.internal.impldep.com.google.gson.internal.sql.SqlTimestampTypeAdapter: loaded 5 times (x 76B)
Class org.jetbrains.kotlin.idea.gradleTooling.reflect.ReflectionReceiver              : loaded 5 times (x 70B)
Class com.intellij.gradle.toolingExtension.impl.util.collectionUtil.GradleCollections : loaded 5 times (x 71B)
Class org.jetbrains.plugins.gradle.tooling.serialization.GradleExtensionsSerializationService$1: loaded 5 times (x 76B)
Class [Lorg.gradle.internal.impldep.com.google.gson.ToNumberPolicy;                   : loaded 5 times (x 69B)
Class org.gradle.internal.impldep.com.google.gson.Gson$1                              : loaded 5 times (x 76B)
Class org.jetbrains.kotlin.tooling.core.InternerKt                                    : loaded 5 times (x 71B)
Class org.gradle.internal.impldep.com.google.gson.internal.Excluder$1                 : loaded 5 times (x 74B)
Class org.gradle.internal.impldep.com.google.gson.internal.bind.TypeAdapters$2        : loaded 5 times (x 75B)
Class org.jetbrains.kotlin.idea.gradleTooling.reflect.GradleReflectionLogger          : loaded 5 times (x 75B)
Class org.jetbrains.plugins.gradle.tooling.AbstractModelBuilderService                : loaded 5 times (x 86B)
Class com.intellij.gradle.toolingExtension.impl.model.dependencyModel.GradleDependencyTraverser: loaded 5 times (x 80B)
Class org.jetbrains.plugins.gradle.tooling.builder.DependencyAccessorsModelBuilder    : loaded 5 times (x 81B)
Class com.intellij.gradle.toolingExtension.impl.util.GradleIdeaPluginUtil             : loaded 5 times (x 71B)
Class org.jetbrains.plugins.gradle.tooling.builder.ProjectExtensionsDataBuilderImpl   : loaded 5 times (x 78B)
Class org.gradle.internal.impldep.com.google.gson.internal.reflect.ReflectionHelper   : loaded 5 times (x 71B)
Class org.jetbrains.plugins.gradle.model.DefaultGradleConfiguration                   : loaded 5 times (x 79B)
Class com.intellij.gradle.toolingExtension.impl.model.dependencyModel.auxiliary.AuxiliaryConfigurationArtifacts: loaded 5 times (x 74B)
Class com.android.ide.gradle.model.builder.LegacyAndroidGradlePluginPropertiesModelBuilder$Companion: loaded 5 times (x 71B)
Class org.jetbrains.kotlin.tooling.core.InternerImpl$Store                            : loaded 5 times (x 70B)
Class com.android.ide.gradle.model.impl.GradlePluginModelImpl$Companion               : loaded 5 times (x 71B)
Class com.intellij.gradle.toolingExtension.impl.model.sourceSetDependencyModel.DefaultGradleSourceSetDependencyModel: loaded 5 times (x 77B)
Class org.jetbrains.kotlin.idea.gradleTooling.model.allopen.AllOpenModelBuilderService: loaded 5 times (x 85B)
Class com.intellij.gradle.toolingExtension.impl.initScript.util.GradleJvmForkedDebuggerHelper: loaded 5 times (x 71B)
Class org.jetbrains.kotlin.idea.gradleTooling.AbstractKotlinGradleModelBuilder$Companion: loaded 5 times (x 71B)
Class org.jetbrains.kotlin.idea.gradleTooling.reflect.ParameterList$Companion         : loaded 5 times (x 71B)
Class org.gradle.internal.impldep.com.google.gson.Gson$2                              : loaded 5 times (x 76B)
Class org.gradle.internal.impldep.com.google.common.collect.ImmutableList             : loaded 5 times (x 206B)
Class org.gradle.internal.impldep.com.google.gson.internal.bind.TypeAdapters$15       : loaded 5 times (x 75B)
Class org.gradle.internal.impldep.com.google.gson.internal.bind.ObjectTypeAdapter     : loaded 5 times (x 74B)
Class [Lorg.gradle.internal.impldep.com.google.gson.ReflectionAccessFilter$FilterResult;: loaded 5 times (x 69B)
Class org.gradle.internal.impldep.com.google.gson.internal.bind.ReflectiveTypeAdapterFactory$RecordAdapter: loaded 5 times (x 77B)
Class org.gradle.internal.impldep.com.google.gson.internal.bind.DefaultDateTypeAdapter: loaded 5 times (x 74B)
Class org.gradle.internal.impldep.com.google.common.collect.Iterators$5               : loaded 5 times (x 82B)
Class com.intellij.openapi.externalSystem.model.project.dependencies.UnknownDependencyNode: loaded 5 times (x 87B)
Class com.intellij.gradle.toolingExtension.impl.model.sourceSetModel.GradleSourceSetResolutionContext: loaded 5 times (x 73B)
Class org.jetbrains.kotlin.idea.gradleTooling.reflect.ReflectionReceiver$Static       : loaded 5 times (x 77B)
Class org.gradle.internal.impldep.com.google.gson.Gson$3                              : loaded 5 times (x 75B)
Class [Lorg.gradle.internal.impldep.com.google.gson.LongSerializationPolicy;          : loaded 5 times (x 69B)
Class com.intellij.compose.ide.plugin.gradleTooling.rt.ComposeResourcesExtension$Companion: loaded 5 times (x 71B)
Class org.gradle.internal.impldep.com.google.gson.internal.Streams                    : loaded 5 times (x 71B)
Class org.jetbrains.plugins.gradle.model.DefaultExternalProjectDependency             : loaded 5 times (x 120B)
Class org.gradle.internal.impldep.com.google.common.collect.Lists                     : loaded 5 times (x 71B)
Class org.gradle.internal.impldep.com.google.gson.internal.bind.ArrayTypeAdapter$1    : loaded 5 times (x 75B)
Class com.intellij.gradle.toolingExtension.impl.model.dependencyModel.auxiliary.AuxiliaryArtifactResolverImpl: loaded 5 times (x 76B)
Class org.jetbrains.kotlin.idea.gradleTooling.KotlinDslScriptTaskModelBuilder         : loaded 5 times (x 86B)
Class org.jetbrains.kotlin.idea.gradleTooling.UtilsKt                                 : loaded 5 times (x 71B)
Class org.gradle.internal.impldep.com.google.gson.internal.bind.TypeAdapters$14       : loaded 5 times (x 75B)
Class com.android.ide.gradle.model.builder.LegacyAndroidGradlePluginPropertiesModelBuilder$PluginType: loaded 5 times (x 79B)
Class org.jetbrains.plugins.gradle.tooling.builder.ProjectExtensionsDataBuilderImpl$Companion: loaded 5 times (x 71B)
Class org.gradle.internal.impldep.com.google.gson.internal.bind.TypeAdapters$3        : loaded 5 times (x 75B)
Class org.gradle.internal.impldep.com.google.gson.internal.ConstructorConstructor     : loaded 5 times (x 72B)
Class com.android.ide.gradle.model.impl.GradlePluginModelImpl                         : loaded 5 times (x 77B)
Class org.jetbrains.plugins.gradle.model.DefaultDependencyAccessorsModel              : loaded 5 times (x 76B)
Class org.gradle.internal.impldep.com.google.gson.Gson$4                              : loaded 5 times (x 76B)
Class org.gradle.internal.impldep.com.google.gson.internal.bind.TreeTypeAdapter       : loaded 5 times (x 75B)
Class org.gradle.internal.impldep.com.google.gson.internal.LazilyParsedNumber         : loaded 5 times (x 78B)
Class org.gradle.internal.impldep.com.google.gson.internal.bind.NumberTypeAdapter     : loaded 5 times (x 74B)
Class org.gradle.internal.impldep.com.google.common.collect.Iterators$4               : loaded 5 times (x 82B)
Class org.gradle.internal.impldep.com.google.common.base.ExtraObjectsMethodsForWeb    : loaded 5 times (x 71B)
Class org.gradle.internal.impldep.com.google.gson.TypeAdapterFactory                  : loaded 5 times (x 70B)
Class com.intellij.gradle.toolingExtension.impl.model.dependencyModel.GradleDependencyResolver$1: loaded 5 times (x 77B)
Class com.intellij.gradle.toolingExtension.impl.model.sourceSetModel.GradleSourceSetModelBuilder$3: loaded 5 times (x 83B)
Class org.gradle.internal.impldep.com.google.gson.annotations.JsonAdapter             : loaded 5 times (x 70B)
Class org.jetbrains.plugins.gradle.tooling.Message$Kind                               : loaded 5 times (x 79B)
Class org.gradle.internal.impldep.com.google.gson.internal.bind.TypeAdapters$19       : loaded 5 times (x 75B)
Class org.gradle.internal.impldep.com.google.gson.FieldNamingPolicy$2                 : loaded 5 times (x 83B)
Class org.jetbrains.kotlin.idea.gradleTooling.reflect.KotlinMultiplatformImportReflection: loaded 5 times (x 70B)
Class org.jetbrains.kotlin.idea.gradleTooling.PrepareKotlinIdeaImportTaskModelBuilder : loaded 5 times (x 86B)
Class org.gradle.internal.impldep.com.google.common.collect.Lists$StringAsImmutableList: loaded 5 times (x 207B)
Class org.jetbrains.kotlin.idea.gradleTooling.reflect.KotlinAndroidSourceSetInfoReflection: loaded 5 times (x 70B)
Class org.gradle.internal.impldep.com.google.gson.Gson$5                              : loaded 5 times (x 76B)
Class org.gradle.internal.impldep.com.google.gson.internal.bind.TypeAdapters$31       : loaded 5 times (x 76B)
Class com.android.ide.gradle.model.builder.LegacyV1AgpVersionModelBuilder             : loaded 5 times (x 75B)
Class org.gradle.internal.impldep.com.google.gson.internal.bind.DefaultDateTypeAdapter$DateType$1: loaded 5 times (x 73B)
Class org.jetbrains.kotlin.idea.gradleTooling.KotlinMPPGradleModelBuilder$Companion   : loaded 5 times (x 71B)
Class com.intellij.gradle.toolingExtension.impl.model.projectModel.GradleExternalProjectModelBuilder: loaded 5 times (x 86B)
Class org.jetbrains.kotlin.tooling.core.InternerImpl                                  : loaded 5 times (x 76B)
Class [Lorg.gradle.internal.impldep.com.google.gson.FieldNamingStrategy;              : loaded 5 times (x 69B)
Class org.gradle.internal.impldep.com.google.gson.JsonPrimitive                       : loaded 5 times (x 93B)
Class org.gradle.internal.impldep.com.google.gson.Gson                                : loaded 5 times (x 72B)
Class [Lorg.gradle.internal.impldep.com.google.gson.ToNumberStrategy;                 : loaded 5 times (x 69B)
Class org.gradle.internal.impldep.com.google.gson.internal.bind.DateTypeAdapter       : loaded 5 times (x 74B)
Class org.jetbrains.kotlin.idea.gradleTooling.GetAdditionalVisibleSourceSetsKt        : loaded 5 times (x 71B)
Class org.jetbrains.plugins.gradle.model.DefaultGradleProperty                        : loaded 5 times (x 78B)
Class org.jetbrains.plugins.gradle.tooling.MessageReportBuilder                       : loaded 5 times (x 70B)
Class org.gradle.internal.impldep.com.google.common.collect.Iterators$MergingIterator : loaded 5 times (x 81B)
Class com.intellij.openapi.externalSystem.model.project.dependencies.ArtifactDependencyNode: loaded 5 times (x 70B)
Class org.jetbrains.kotlin.idea.gradleTooling.reflect.ReflectionReceiver$Instance     : loaded 5 times (x 77B)
Class org.jetbrains.kotlin.idea.gradleTooling.reflect.KotlinMultiplatformImportReflectionImpl: loaded 5 times (x 76B)
Class org.jetbrains.kotlin.idea.gradleTooling.ResolveCompilerArgumentsKt              : loaded 5 times (x 71B)
Class org.gradle.internal.impldep.com.google.gson.internal.bind.TypeAdapters$32       : loaded 5 times (x 76B)
Class org.jetbrains.plugins.gradle.tooling.internal.DefaultRepositoryModels           : loaded 5 times (x 76B)
Class org.jetbrains.kotlin.idea.gradleTooling.model.lombok.LombokModel                : loaded 5 times (x 70B)
Class org.jetbrains.kotlin.idea.gradleTooling.reflect.ReflectionLogger                : loaded 5 times (x 70B)
Class com.intellij.gradle.toolingExtension.impl.model.utilTurnOffDefaultTasksModel.TurnOffDefaultTasksModelBuilder: loaded 5 times (x 86B)
Class org.gradle.internal.impldep.com.google.common.collect.Iterators$ArrayItr        : loaded 5 times (x 97B)
Class com.intellij.gradle.toolingExtension.impl.model.sourceSetModel.GradleSourceSetModelBuilder$2: loaded 5 times (x 83B)
Class org.jetbrains.kotlin.idea.gradleTooling.KotlinMPPGradleModelBuilder             : loaded 5 times (x 86B)
Class org.jetbrains.plugins.gradle.tooling.serialization.internal.adapter.InternalProjectIdentifier: loaded 5 times (x 76B)
Class com.intellij.util.ExceptionUtilRt$1                                             : loaded 5 times (x 129B)
Class org.gradle.internal.impldep.com.google.gson.internal.sql.SqlTypesSupport$2      : loaded 5 times (x 74B)
Class org.gradle.internal.impldep.com.google.gson.LongSerializationPolicy$2           : loaded 5 times (x 80B)
Class com.intellij.gradle.toolingExtension.impl.model.dependencyModel.GradleDependencyTraverser$Itr: loaded 5 times (x 83B)
Class com.intellij.gradle.toolingExtension.impl.initScript.util.GradleTasksUtil       : loaded 5 times (x 71B)
Class org.gradle.internal.impldep.com.google.gson.internal.bind.TypeAdapters$4        : loaded 5 times (x 75B)
Class com.android.ide.gradle.model.dependencies.DeclaredDependenciesModelBuilder      : loaded 5 times (x 75B)
Class org.gradle.internal.impldep.com.google.gson.internal.bind.DefaultDateTypeAdapter$DateType: loaded 5 times (x 73B)
Class org.jetbrains.kotlin.idea.gradleTooling.KotlinGradlePluginVersion$Companion     : loaded 5 times (x 71B)
Class org.jetbrains.plugins.gradle.model.DefaultExternalTask                          : loaded 5 times (x 83B)
Class org.gradle.internal.impldep.com.google.gson.internal.bind.TypeAdapters$EnumTypeAdapter: loaded 5 times (x 74B)
Class org.gradle.internal.impldep.com.google.gson.internal.bind.TypeAdapters$33       : loaded 5 times (x 76B)
Class org.gradle.internal.impldep.com.google.gson.internal.bind.TypeAdapters$20       : loaded 5 times (x 75B)
Class org.gradle.internal.impldep.com.google.gson.FieldNamingPolicy                   : loaded 5 times (x 83B)
Class org.gradle.internal.impldep.com.google.gson.JsonElement                         : loaded 5 times (x 92B)
Class org.jetbrains.kotlin.idea.gradleTooling.model.allopen.AllOpenModel              : loaded 5 times (x 70B)
Class org.jetbrains.plugins.gradle.tooling.Message$FilePosition                       : loaded 5 times (x 75B)
Class org.gradle.internal.impldep.com.google.gson.LongSerializationPolicy$1           : loaded 5 times (x 80B)
Class org.jetbrains.plugins.gradle.tooling.builder.ScalaModelBuilderImpl              : loaded 5 times (x 81B)
Class org.jetbrains.plugins.gradle.tooling.ModelBuilderContext                        : loaded 5 times (x 70B)
Class org.jetbrains.kotlin.idea.gradleTooling.MultiplatformModelImportingChecker      : loaded 5 times (x 70B)
Class org.gradle.internal.impldep.com.google.gson.internal.sql.SqlDateTypeAdapter$1   : loaded 5 times (x 75B)
Class com.intellij.gradle.toolingExtension.impl.model.taskModel.GradleTaskModelBuilder: loaded 5 times (x 86B)
Class org.jetbrains.kotlin.idea.gradleTooling.model.annotation.AnnotationBasedPluginModelBuilderService: loaded 5 times (x 85B)
Class org.jetbrains.plugins.gradle.tooling.builder.WarModelBuilderImpl                : loaded 5 times (x 86B)
Class org.jetbrains.plugins.gradle.tooling.builder.AnnotationProcessingModelBuilder   : loaded 5 times (x 86B)
Class com.intellij.gradle.toolingExtension.impl.modelBuilder.ExtraModelBuilder        : loaded 5 times (x 85B)
Class org.jetbrains.kotlin.idea.gradleTooling.KotlinMPPGradleModelBinary              : loaded 5 times (x 70B)
Class com.intellij.gradle.toolingExtension.impl.model.sourceSetModel.GradleSourceSetModelBuilder$1: loaded 5 times (x 83B)
Class com.intellij.gradle.toolingExtension.impl.model.sourceSetArtifactIndex.GradleSourceSetArtifactIndex: loaded 5 times (x 78B)
Class org.gradle.internal.impldep.com.google.gson.internal.bind.TypeAdapters$13       : loaded 5 times (x 75B)
Class org.gradle.internal.impldep.com.google.gson.internal.bind.TypeAdapters$34       : loaded 5 times (x 76B)
Class org.jetbrains.kotlin.idea.gradleTooling.KotlinTasksPropertyUtilsKt              : loaded 5 times (x 71B)
Class org.gradle.internal.impldep.com.google.common.collect.Iterators$1               : loaded 5 times (x 81B)
Class com.intellij.gradle.toolingExtension.impl.model.sourceSetArtifactIndex.GradleSourceSetArtifactModel: loaded 5 times (x 76B)
Class com.intellij.openapi.externalSystem.model.project.dependencies.DependencyNode   : loaded 5 times (x 70B)
Class org.jetbrains.kotlin.idea.gradleTooling.reflect.Parameter                       : loaded 5 times (x 72B)
Class org.gradle.internal.impldep.com.google.gson.internal.bind.TypeAdapters$5        : loaded 5 times (x 75B)
Class org.jetbrains.plugins.gradle.tooling.builder.ProjectRepositoriesModelBuilder    : loaded 5 times (x 78B)
Class org.jetbrains.kotlin.idea.gradleTooling.model.parcelize.ParcelizeGradleModel    : loaded 5 times (x 70B)
Class org.gradle.internal.impldep.com.google.gson.internal.sql.SqlTypesSupport$1      : loaded 5 times (x 74B)
Class com.intellij.gradle.toolingExtension.impl.model.repositoryModel.DefaultProjectRepositoriesModel: loaded 5 times (x 76B)
Class org.gradle.internal.impldep.com.google.gson.TypeAdapter                         : loaded 5 times (x 73B)
Class org.gradle.internal.impldep.com.google.gson.internal.bind.JsonTreeWriter        : loaded 5 times (x 98B)
Class org.gradle.internal.impldep.com.google.gson.JsonArray                           : loaded 5 times (x 100B)
Class org.gradle.internal.impldep.com.google.gson.internal.bind.MapTypeAdapterFactory : loaded 5 times (x 75B)
Class com.android.ide.gradle.model.builder.AndroidStudioToolingPlugin                 : loaded 5 times (x 75B)
Class org.gradle.internal.impldep.com.google.gson.ToNumberPolicy$1                    : loaded 5 times (x 83B)
Class org.gradle.internal.impldep.com.google.gson.FieldNamingPolicy$3                 : loaded 5 times (x 83B)
Class org.jetbrains.kotlin.idea.gradleTooling.KotlinGradleModelImpl                   : loaded 5 times (x 84B)
Class org.gradle.internal.impldep.com.google.gson.internal.bind.TypeAdapters$21       : loaded 5 times (x 75B)
Class org.jetbrains.kotlin.tooling.core.Interner                                      : loaded 5 times (x 70B)
Class com.android.ide.gradle.model.builder.GradlePluginModelBuilder                   : loaded 5 times (x 75B)
Class com.intellij.gradle.toolingExtension.impl.util.GradleObjectUtil                 : loaded 5 times (x 71B)
Class com.intellij.openapi.externalSystem.model.project.dependencies.ArtifactDependencyNodeImpl: loaded 5 times (x 95B)
Class com.intellij.gradle.toolingExtension.impl.model.taskModel.DefaultGradleTaskModel: loaded 5 times (x 75B)
Class org.jetbrains.plugins.gradle.model.scala.ScalaModel                             : loaded 5 times (x 70B)
Class com.intellij.openapi.externalSystem.model.project.dependencies.ProjectDependencyNodeImpl: loaded 5 times (x 93B)
Class org.jetbrains.kotlin.idea.gradleTooling.PrepareKotlinIdeaImportTaskModelBuilder$KotlinNativePlatformDependenciesKt: loaded 5 times (x 71B)
Class org.gradle.internal.impldep.com.google.gson.JsonNull                            : loaded 5 times (x 92B)
Class com.intellij.gradle.toolingExtension.impl.model.buildScriptClasspathModel.GradleBuildScriptClasspathModelBuilder: loaded 5 times (x 86B)
Class org.jetbrains.plugins.gradle.model.DefaultGradleExtensions                      : loaded 5 times (x 88B)
Class org.jetbrains.kotlin.idea.gradleTooling.model.kapt.KaptSourceSetModelImpl       : loaded 5 times (x 85B)
Class org.jetbrains.plugins.gradle.tooling.builder.IntelliJSettingsBuilder            : loaded 5 times (x 78B)
Class org.gradle.internal.impldep.com.google.common.collect.PeekingIterator           : loaded 5 times (x 70B)
Class org.jetbrains.plugins.gradle.tooling.internal.VersionCatalogsModelImpl          : loaded 5 times (x 76B)
Class org.jetbrains.plugins.gradle.tooling.builder.ExternalTestsModelBuilderImpl      : loaded 5 times (x 78B)
Class org.jetbrains.plugins.gradle.tooling.DefaultMessageBuilder                      : loaded 5 times (x 84B)
Class org.jetbrains.plugins.gradle.model.DefaultExternalLibraryDependency             : loaded 5 times (x 111B)
Class com.android.ide.gradle.model.dependencies.DeclaredDependenciesModelBuilder$Companion: loaded 5 times (x 71B)
Class com.android.ide.gradle.model.dependencies.CoordinatesImpl                       : loaded 5 times (x 77B)
Class org.gradle.internal.impldep.com.google.gson.internal.bind.DateTypeAdapter$1     : loaded 5 times (x 75B)
Class org.jetbrains.plugins.gradle.tooling.builder.WarModelBuilderImplKt              : loaded 5 times (x 71B)
Class org.gradle.internal.impldep.com.google.gson.internal.reflect.ReflectionHelper$RecordHelper: loaded 5 times (x 75B)
Class org.gradle.internal.impldep.com.google.gson.internal.bind.TypeAdapters$22       : loaded 5 times (x 75B)
Class org.jetbrains.plugins.gradle.tooling.util.BooleanBiFunction                     : loaded 5 times (x 70B)
Class org.jetbrains.kotlin.idea.gradleTooling.KotlinGradlePluginVersionImpl           : loaded 5 times (x 78B)
Class org.gradle.internal.impldep.com.google.gson.ToNumberPolicy                      : loaded 5 times (x 83B)
Class org.jetbrains.kotlin.idea.gradleTooling.KotlinMPPGradleModelBinaryBuilder       : loaded 5 times (x 86B)
Class org.jetbrains.plugins.gradle.model.web.WebConfiguration                         : loaded 5 times (x 70B)
Class [Lcom.intellij.openapi.externalSystem.model.project.ExternalSystemSourceType;   : loaded 5 times (x 69B)
Class org.jetbrains.kotlin.idea.gradleTooling.model.noarg.NoArgModel                  : loaded 5 times (x 70B)
Class org.gradle.internal.impldep.com.google.gson.ToNumberStrategy                    : loaded 5 times (x 70B)
Class org.gradle.internal.impldep.com.google.gson.internal.bind.JsonAdapterAnnotationTypeAdapterFactory: loaded 5 times (x 75B)
Class org.gradle.internal.impldep.com.google.gson.internal.bind.ObjectTypeAdapter$1   : loaded 5 times (x 76B)
Class org.gradle.internal.impldep.com.google.gson.internal.sql.SqlTimeTypeAdapter     : loaded 5 times (x 74B)
Class org.gradle.internal.impldep.com.google.gson.internal.sql.SqlTypesSupport        : loaded 5 times (x 71B)
Class org.gradle.internal.impldep.com.google.gson.internal.bind.TypeAdapters$6        : loaded 5 times (x 75B)
Class com.intellij.gradle.toolingExtension.impl.model.dependencyDownloadPolicyModel.DefaultGradleDependencyDownloadPolicy: loaded 5 times (x 77B)
Class org.gradle.internal.impldep.com.google.gson.internal.bind.TypeAdapterRuntimeTypeWrapper: loaded 5 times (x 74B)
Class org.gradle.internal.impldep.com.google.gson.JsonParseException                  : loaded 5 times (x 82B)
Class org.jetbrains.plugins.gradle.tooling.serialization.RepositoriesModelSerializationService$1: loaded 5 times (x 76B)
Class org.gradle.internal.impldep.com.google.common.collect.ImmutableCollection       : loaded 5 times (x 125B)
Class org.jetbrains.plugins.gradle.tooling.ModelBuilderService$Ex                     : loaded 5 times (x 70B)
Class com.intellij.openapi.externalSystem.model.project.dependencies.ComponentDependencies: loaded 5 times (x 70B)
Class org.jetbrains.kotlin.idea.gradleTooling.reflect.KotlinSourceSetReflectionImpl   : loaded 5 times (x 82B)
Class org.jetbrains.plugins.gradle.tooling.internal.ClasspathEntryModelImpl           : loaded 5 times (x 80B)
Class org.gradle.internal.impldep.com.google.gson.internal.bind.TypeAdapters$23       : loaded 5 times (x 75B)
Class org.jetbrains.plugins.gradle.model.ear.EarConfiguration                         : loaded 5 times (x 70B)
Class org.gradle.internal.impldep.com.google.gson.internal.bind.ReflectiveTypeAdapterFactory$FieldReflectionAdapter: loaded 5 times (x 77B)
Class org.jetbrains.kotlin.idea.gradleTooling.model.assignment.AssignmentModel        : loaded 5 times (x 70B)
Class org.gradle.internal.impldep.com.google.gson.internal.Excluder                   : loaded 5 times (x 75B)
Class org.gradle.internal.impldep.com.google.gson.ToNumberPolicy$2                    : loaded 5 times (x 83B)
Class [Lorg.gradle.internal.impldep.com.google.gson.FieldNamingPolicy;                : loaded 5 times (x 69B)
Class org.jetbrains.kotlin.idea.gradleTooling.reflect.KotlinCompilerArgumentsResolverReflectionKt: loaded 5 times (x 71B)
Class com.intellij.gradle.toolingExtension.impl.model.sourceSetModel.DefaultGradleSourceSetModel: loaded 5 times (x 80B)
Class com.intellij.gradle.toolingExtension.impl.model.dependencyDownloadPolicyModel.GradleDependencyDownloadPolicyBuilder: loaded 5 times (x 86B)
Class org.gradle.internal.impldep.com.google.gson.JsonIOException                     : loaded 5 times (x 82B)
Class org.gradle.internal.impldep.com.google.gson.internal.bind.NumberTypeAdapter$1   : loaded 5 times (x 76B)
Class org.gradle.internal.impldep.com.google.gson.internal.bind.ReflectiveTypeAdapterFactory$1: loaded 5 times (x 79B)
Class [Lorg.jetbrains.kotlin.idea.gradleTooling.reflect.Parameter;                    : loaded 5 times (x 69B)
Class org.gradle.internal.impldep.com.google.gson.FieldNamingPolicy$4                 : loaded 5 times (x 83B)
Class com.intellij.util.ExceptionUtilRt                                               : loaded 5 times (x 71B)
Class org.gradle.internal.impldep.com.google.gson.internal.bind.TypeAdapters$12       : loaded 5 times (x 75B)
Class com.intellij.openapi.externalSystem.model.project.dependencies.ProjectDependencyNode: loaded 5 times (x 70B)
Class com.intellij.gradle.toolingExtension.impl.modelBuilder.DefaultMessageReportBuilder: loaded 5 times (x 94B)
Class org.gradle.internal.impldep.com.google.gson.FieldNamingStrategy                 : loaded 5 times (x 70B)
Class com.intellij.gradle.toolingExtension.impl.model.dependencyModel.auxiliary.AuxiliaryArtifactResolver: loaded 5 times (x 70B)
Class org.gradle.internal.impldep.com.google.gson.stream.JsonWriter                   : loaded 5 times (x 98B)
Class org.jetbrains.plugins.gradle.tooling.serialization.internal.adapter.InternalBuildIdentifier: loaded 5 times (x 75B)
Class org.gradle.internal.impldep.com.google.gson.internal.bind.TypeAdapters$29       : loaded 5 times (x 75B)
Class com.intellij.gradle.toolingExtension.impl.model.dependencyModel.GradleDependencyResolver: loaded 5 times (x 72B)
Class org.jetbrains.plugins.gradle.tooling.builder.EarModelBuilderImplKt              : loaded 5 times (x 71B)
Class org.jetbrains.plugins.gradle.model.DefaultFileCollectionDependency              : loaded 5 times (x 110B)
Class org.jetbrains.plugins.gradle.tooling.builder.MavenRepositoriesModelBuilder      : loaded 5 times (x 81B)
Class org.gradle.internal.impldep.com.google.gson.internal.reflect.ReflectionHelper$RecordSupportedHelper: loaded 5 times (x 78B)
Class org.gradle.internal.impldep.com.google.gson.internal.bind.TypeAdapters$24       : loaded 5 times (x 75B)
Class [Lcom.intellij.openapi.externalSystem.model.project.IExternalSystemSourceType;  : loaded 5 times (x 69B)
Class org.gradle.internal.impldep.com.google.gson.internal.bind.TypeAdapters$9        : loaded 5 times (x 75B)
Class org.gradle.internal.impldep.com.google.gson.JsonObject                          : loaded 5 times (x 93B)
Class com.intellij.util.ExceptionUtilRt$RethrownStack                                 : loaded 5 times (x 82B)
Class com.intellij.gradle.toolingExtension.impl.util.javaPluginUtil.ExtensionJavaPluginAccessor: loaded 5 times (x 82B)
Class com.intellij.gradle.toolingExtension.impl.model.utilDummyModel.DefaultDummyModel: loaded 5 times (x 73B)
Class org.jetbrains.kotlin.idea.gradleTooling.PrepareKotlinIdeaImportTaskModelBuilder$Companion: loaded 5 times (x 71B)
Class org.jetbrains.plugins.gradle.tooling.ModelBuilderService                        : loaded 5 times (x 70B)
Class Program                                                                         : loaded 5 times (x 72B)
Class org.gradle.internal.impldep.com.google.gson.JsonSyntaxException                 : loaded 5 times (x 82B)
Class org.gradle.internal.impldep.com.google.gson.internal.bind.TypeAdapters$28       : loaded 5 times (x 75B)
Class com.intellij.gradle.toolingExtension.impl.initScript.util.GradleLifecycleUtil   : loaded 5 times (x 71B)
Class org.gradle.internal.impldep.com.google.gson.internal.bind.MapTypeAdapterFactory$Adapter: loaded 5 times (x 74B)
Class com.android.ide.gradle.model.builder.GradlePropertiesModelBuilder               : loaded 5 times (x 75B)
Class ijJvmDebugger1_53357zji7l1wyytfym7j33u3t$_run_closure1$_closure2$_closure3      : loaded 5 times (x 140B)
Class org.jetbrains.plugins.gradle.tooling.util.GradleContainerUtil                   : loaded 5 times (x 71B)
Class org.jetbrains.kotlin.idea.gradleTooling.reflect.KotlinMultiplatformImportReflectionImpl$Companion: loaded 5 times (x 71B)
Class org.gradle.internal.impldep.com.google.gson.internal.bind.TypeAdapters$10       : loaded 5 times (x 75B)
Class org.gradle.internal.impldep.com.google.common.collect.AbstractIndexedListIterator: loaded 5 times (x 96B)
Class org.jetbrains.plugins.gradle.tooling.ModelBuilderContext$DataProvider           : loaded 5 times (x 70B)
Class org.gradle.internal.impldep.com.google.gson.internal.bind.TypeAdapters$7        : loaded 5 times (x 75B)
Class org.jetbrains.plugins.gradle.model.DefaultGradleExtension                       : loaded 5 times (x 80B)
Class org.jetbrains.kotlin.idea.gradleTooling.reflect.KotlinCompilerArgumentsResolverReflectionImpl: loaded 5 times (x 75B)
Class org.jetbrains.kotlin.idea.gradleTooling.reflect.KotlinSourceSetReflection       : loaded 5 times (x 70B)
Class com.intellij.gradle.toolingExtension.impl.javaModel.manifestModel.DefaultJavaGradleManifestModel: loaded 5 times (x 76B)
Class com.intellij.openapi.externalSystem.model.project.ExternalSystemSourceType      : loaded 5 times (x 85B)
Class org.gradle.internal.impldep.com.google.gson.internal.bind.TypeAdapters$25       : loaded 5 times (x 75B)
Class org.jetbrains.kotlin.idea.gradleTooling.model.kapt.KaptModelBuilderService      : loaded 5 times (x 86B)
Class com.intellij.gradle.toolingExtension.impl.model.sourceSetArtifactIndex.GradleSourceSetArtifactIndexBuilder: loaded 5 times (x 86B)
Class com.intellij.gradle.toolingExtension.impl.util.collectionUtil.GradleCollectionVisitor: loaded 5 times (x 70B)
Class org.jetbrains.plugins.gradle.tooling.serialization.ToolingStreamApiUtilsKt      : loaded 5 times (x 71B)
Class org.gradle.internal.impldep.com.google.gson.FieldNamingPolicy$7                 : loaded 5 times (x 83B)
Class org.gradle.internal.impldep.com.google.gson.internal.ConstructorConstructor$19  : loaded 5 times (x 76B)
Class org.jetbrains.plugins.gradle.model.ModelFactory                                 : loaded 5 times (x 71B)
Class org.jetbrains.plugins.gradle.tooling.MessageBuilder                             : loaded 5 times (x 70B)
Class com.intellij.gradle.toolingExtension.impl.initScript.util.GradleDebuggerUtil    : loaded 5 times (x 71B)
Class org.gradle.internal.impldep.com.google.gson.internal.bind.TypeAdapters$34$1     : loaded 5 times (x 74B)
Class org.gradle.internal.impldep.com.google.gson.GsonBuilder                         : loaded 5 times (x 72B)
Class com.intellij.gradle.toolingExtension.impl.model.dependencyGraphModel.GradleDependencyGraphModelBuilder: loaded 5 times (x 82B)
Class com.intellij.gradle.toolingExtension.impl.model.utilTurnOffDefaultTasksModel.DefaultTurnOffDefaultTasks: loaded 5 times (x 71B)
Class org.gradle.internal.impldep.com.google.gson.internal.bind.TypeAdapters$27       : loaded 5 times (x 75B)
Class org.gradle.internal.impldep.com.google.gson.internal.reflect.ReflectionHelper$RecordNotSupportedHelper: loaded 5 times (x 78B)
Class org.gradle.internal.impldep.com.google.gson.Gson$FutureTypeAdapter              : loaded 5 times (x 76B)
Class org.gradle.internal.impldep.com.google.gson.annotations.SerializedName          : loaded 5 times (x 70B)
Class com.intellij.gradle.toolingExtension.impl.model.buildScriptClasspathModel.GradleBuildScriptClasspathCache: loaded 5 times (x 75B)
Class org.gradle.internal.impldep.com.google.gson.internal.sql.SqlTimestampTypeAdapter$1: loaded 5 times (x 75B)
Class com.intellij.gradle.toolingExtension.impl.model.dependencyGraphModel.GradleDependencyReportGenerator: loaded 5 times (x 73B)
Class org.gradle.internal.impldep.com.google.gson.ToNumberPolicy$3                    : loaded 5 times (x 83B)
Class com.intellij.gradle.toolingExtension.impl.util.collectionUtil.GradleCollectionUtil: loaded 5 times (x 71B)
Class org.jetbrains.plugins.gradle.DefaultExternalDependencyId                        : loaded 5 times (x 80B)
Class org.jetbrains.kotlin.idea.gradleTooling.reflect.KotlinLanguageSettingsReflection: loaded 5 times (x 70B)
Class org.jetbrains.kotlin.idea.gradleTooling.AbstractKotlinGradleModelBuilder        : loaded 5 times (x 81B)
Class [Lorg.jetbrains.plugins.gradle.tooling.Message$Kind;                            : loaded 5 times (x 69B)
Class org.jetbrains.plugins.gradle.tooling.Message                                    : loaded 5 times (x 72B)
Class org.jetbrains.kotlin.idea.gradleTooling.model.noarg.NoArgModelBuilderService    : loaded 5 times (x 85B)
Class org.gradle.internal.impldep.com.google.common.collect.UnmodifiableListIterator  : loaded 5 times (x 95B)
Class org.gradle.internal.impldep.com.google.gson.TypeAdapter$1                       : loaded 5 times (x 74B)
Class org.gradle.internal.impldep.com.google.gson.internal.bind.TypeAdapters          : loaded 5 times (x 71B)
Class org.jetbrains.kotlin.idea.gradleTooling.PrepareKotlinIdeaImportTaskModelBuilder$Messages: loaded 5 times (x 71B)
Class com.intellij.gradle.toolingExtension.impl.model.utilDummyModel.DummyModelBuilder: loaded 5 times (x 86B)
Class org.gradle.internal.impldep.com.google.gson.internal.bind.TypeAdapters$26       : loaded 5 times (x 75B)
Class com.intellij.openapi.externalSystem.model.project.dependencies.AbstractDependencyNode: loaded 5 times (x 87B)
Class org.jetbrains.plugins.gradle.tooling.builder.VersionCatalogsModelBuilder        : loaded 5 times (x 86B)
Class org.gradle.internal.impldep.com.google.gson.internal.bind.CollectionTypeAdapterFactory$Adapter: loaded 5 times (x 74B)
Class com.android.ide.gradle.model.builder.AndroidStudioToolingPluginKt               : loaded 5 times (x 71B)
Class ijJvmDebugger1_53357zji7l1wyytfym7j33u3t$_run_closure1$_closure2$_closure4      : loaded 5 times (x 139B)
Class org.gradle.internal.impldep.com.google.gson.internal.ReflectionAccessFilterHelper: loaded 5 times (x 71B)
Class org.gradle.internal.impldep.com.google.gson.internal.bind.TypeAdapters$11       : loaded 5 times (x 75B)
Class org.jetbrains.kotlin.idea.gradleTooling.model.kapt.KaptGradleModelImpl          : loaded 5 times (x 77B)
Class org.gradle.internal.impldep.com.google.gson.LongSerializationPolicy             : loaded 5 times (x 80B)
Class org.gradle.internal.impldep.com.google.gson.FieldNamingPolicy$6                 : loaded 5 times (x 83B)
Class org.gradle.internal.impldep.com.google.gson.ToNumberPolicy$4                    : loaded 5 times (x 83B)
Class org.jetbrains.plugins.gradle.model.AbstractExternalDependency                   : loaded 5 times (x 106B)
Class org.jetbrains.plugins.gradle.tooling.util.BiFunction                            : loaded 5 times (x 70B)
Class org.gradle.internal.impldep.com.google.gson.internal.bind.ReflectiveTypeAdapterFactory$BoundField: loaded 5 times (x 75B)
Class com.android.ide.gradle.model.builder.LegacyAndroidGradlePluginPropertiesModelBuilder: loaded 5 times (x 80B)
Class org.gradle.internal.impldep.com.google.gson.FieldNamingPolicy$5                 : loaded 5 times (x 83B)
Class com.intellij.openapi.externalSystem.model.project.dependencies.ProjectDependenciesImpl: loaded 5 times (x 77B)
Class com.android.ide.gradle.model.impl.GradlePropertiesModelImpl                     : loaded 5 times (x 79B)
Class org.gradle.internal.impldep.com.google.gson.internal.bind.TypeAdapters$EnumTypeAdapter$1: loaded 5 times (x 77B)
Class org.gradle.internal.impldep.com.google.gson.internal.$Gson$Types                : loaded 5 times (x 71B)
Class org.jetbrains.kotlin.idea.gradleTooling.model.annotation.AnnotationBasedPluginModel: loaded 5 times (x 70B)
Class org.gradle.internal.impldep.com.google.common.collect.Multimap                  : loaded 5 times (x 70B)
Class com.intellij.gradle.toolingExtension.impl.model.dependencyDownloadPolicyModel.GradleDependencyDownloadPolicyCache: loaded 5 times (x 75B)
Class org.gradle.internal.impldep.com.google.gson.internal.bind.TypeAdapters$8        : loaded 5 times (x 75B)
Class org.jetbrains.plugins.gradle.tooling.MessageReporter                            : loaded 5 times (x 70B)
Class com.intellij.compose.ide.plugin.gradleTooling.rt.ComposeResourcesModelBuilder   : loaded 5 times (x 78B)
Class org.jetbrains.kotlin.idea.gradleTooling.model.assignment.AssignmentModelBuilderService: loaded 5 times (x 85B)
Class org.jetbrains.kotlin.idea.gradleTooling.model.samWithReceiver.SamWithReceiverModel: loaded 5 times (x 70B)
Class org.jetbrains.plugins.gradle.model.DefaultUnresolvedExternalDependency          : loaded 5 times (x 111B)
Class org.gradle.internal.impldep.com.google.common.collect.Iterators                 : loaded 5 times (x 71B)
Class org.gradle.internal.impldep.com.google.gson.ReflectionAccessFilter$FilterResult : loaded 5 times (x 79B)
Class com.google.common.collect.ImmutableList$1                                       : loaded 4 times (x 97B)
Class com.google.common.collect.UnmodifiableListIterator                              : loaded 4 times (x 95B)
Class com.google.common.collect.RegularImmutableSet                                   : loaded 4 times (x 149B)
Class com.google.common.collect.SortedIterable                                        : loaded 4 times (x 70B)
Class com.google.common.collect.Iterators$MergingIterator                             : loaded 4 times (x 81B)
Class com.google.common.collect.ImmutableList$SubList                                 : loaded 4 times (x 209B)
Class com.google.common.collect.ForwardingObject                                      : loaded 4 times (x 72B)
Class com.google.common.collect.ImmutableSet$SetBuilderImpl                           : loaded 4 times (x 76B)
Class com.google.common.collect.Iterators$4                                           : loaded 4 times (x 82B)
Class com.google.common.base.CharMatcher$BitSetMatcher                                : loaded 4 times (x 112B)
Class com.google.common.collect.ImmutableList                                         : loaded 4 times (x 206B)
Class com.google.common.collect.ImmutableSet                                          : loaded 4 times (x 145B)
Class com.google.common.collect.SingletonImmutableSet                                 : loaded 4 times (x 146B)
Class com.google.common.base.CharMatcher$InRange                                      : loaded 4 times (x 111B)
Class com.google.common.collect.Iterators$ArrayItr                                    : loaded 4 times (x 97B)
Class com.google.common.base.CharMatcher$Or                                           : loaded 4 times (x 112B)
Class com.google.common.collect.Iterators$1                                           : loaded 4 times (x 81B)
Class com.google.common.collect.ImmutableCollection$Builder                           : loaded 4 times (x 76B)
Class com.google.common.base.Joiner                                                   : loaded 4 times (x 79B)
Class com.google.common.collect.UnmodifiableIterator                                  : loaded 4 times (x 80B)
Class com.google.common.collect.RegularImmutableList                                  : loaded 4 times (x 213B)
Class com.google.common.collect.Iterators$SingletonIterator                           : loaded 4 times (x 81B)
Class com.google.common.collect.Iterators$5                                           : loaded 4 times (x 82B)
Class com.google.common.base.Function                                                 : loaded 4 times (x 70B)
Class com.google.common.collect.ImmutableList$Builder                                 : loaded 4 times (x 77B)
Class com.google.common.base.Joiner$2                                                 : loaded 4 times (x 79B)
Class com.google.common.base.CharMatcher$1                                            : loaded 4 times (x 113B)
Class com.google.common.collect.ImmutableList$ReverseImmutableList                    : loaded 4 times (x 209B)
Class com.google.common.base.CharMatcher$NamedFastMatcher                             : loaded 4 times (x 112B)
Class com.google.common.collect.RegularImmutableAsList                                : loaded 4 times (x 217B)
Class com.google.common.collect.Iterators                                             : loaded 4 times (x 71B)
Class com.google.common.collect.Lists$StringAsImmutableList                           : loaded 4 times (x 207B)
Class com.google.common.collect.RegularImmutableSortedSet                             : loaded 4 times (x 300B)
Class com.google.common.collect.PeekingIterator                                       : loaded 4 times (x 70B)
Class com.google.common.base.Joiner$1                                                 : loaded 4 times (x 80B)
Class com.google.common.base.CharMatcher                                              : loaded 4 times (x 111B)
Class com.google.common.base.CharMatcher$And                                          : loaded 4 times (x 112B)
Class com.google.common.base.CharMatcher$FastMatcher                                  : loaded 4 times (x 111B)
Class com.google.common.base.CharMatcher$IsNot                                        : loaded 4 times (x 111B)
Class com.google.common.base.Preconditions                                            : loaded 4 times (x 71B)
Class com.google.common.collect.ImmutableSortedSet                                    : loaded 4 times (x 300B)
Class com.google.common.base.CharMatcher$Is                                           : loaded 4 times (x 111B)
Class com.google.common.base.CharMatcher$Negated                                      : loaded 4 times (x 113B)
Class com.google.common.base.CharMatcher$ForPredicate                                 : loaded 4 times (x 112B)
Class com.google.common.base.Predicate                                                : loaded 4 times (x 70B)
Class com.google.common.collect.AbstractIterator                                      : loaded 4 times (x 82B)
Class com.google.common.collect.SingletonImmutableList                                : loaded 4 times (x 207B)
Class com.google.common.collect.AbstractIndexedListIterator                           : loaded 4 times (x 96B)
Class com.google.common.collect.ImmutableAsList                                       : loaded 4 times (x 209B)
Class com.google.common.collect.Iterators$9                                           : loaded 4 times (x 81B)
Class com.google.common.collect.ImmutableSet$CachingAsList                            : loaded 4 times (x 148B)
Class com.google.common.collect.Lists                                                 : loaded 4 times (x 71B)
Class com.google.common.base.CharMatcher$NegatedFastMatcher                           : loaded 4 times (x 113B)
Class com.google.common.collect.ImmutableSet$RegularSetBuilderImpl                    : loaded 4 times (x 77B)
Class com.google.common.collect.ImmutableCollection                                   : loaded 4 times (x 125B)
Class com.google.common.base.CharMatcher$AnyOf                                        : loaded 4 times (x 112B)
Class com.google.common.base.CharMatcher$IsEither                                     : loaded 4 times (x 111B)
Class com.google.common.collect.Multimap                                              : loaded 3 times (x 70B)
Class kotlin.collections.CollectionsKt__MutableCollectionsJVMKt                       : loaded 3 times (x 71B)
Class kotlin.collections.CollectionsKt__CollectionsJVMKt                              : loaded 3 times (x 71B)
Class com.google.common.collect.ImmutableMultimap$Keys                                : loaded 3 times (x 166B)
Class org.gradle.internal.IoActions                                                   : loaded 3 times (x 71B)
Class com.google.common.cache.CacheLoader$InvalidCacheLoadException                   : loaded 3 times (x 82B)
Class com.google.common.base.ExtraObjectsMethodsForWeb                                : loaded 3 times (x 71B)
Class com.google.common.base.Present                                                  : loaded 3 times (x 81B)
Class com.google.common.collect.ImmutableRangeSet$ComplementRanges                    : loaded 3 times (x 207B)
Class kotlin.collections.MapsKt___MapsJvmKt                                           : loaded 3 times (x 71B)
Class com.google.common.collect.NullnessCasts                                         : loaded 3 times (x 71B)
Class com.google.common.cache.CacheBuilder$2                                          : loaded 3 times (x 79B)
Class com.google.common.cache.LocalCache                                              : loaded 3 times (x 187B)
Class com.google.common.cache.ReferenceEntry                                          : loaded 3 times (x 70B)
Class kotlin.enums.EnumEntriesKt                                                      : loaded 3 times (x 71B)
Class kotlin.sequences.SequencesKt                                                    : loaded 3 times (x 71B)
Class com.google.common.cache.LoadingCache                                            : loaded 3 times (x 70B)
Class com.google.common.collect.AbstractMapBasedMultimap$WrappedCollection$WrappedIterator: loaded 3 times (x 84B)
Class kotlin.jvm.internal.markers.KMutableCollection                                  : loaded 3 times (x 70B)
Class com.google.common.base.Converter                                                : loaded 3 times (x 90B)
Class kotlin.coroutines.intrinsics.IntrinsicsKt                                       : loaded 3 times (x 71B)
Class com.google.common.cache.RemovalListener                                         : loaded 3 times (x 70B)
Class kotlin.text.StringsKt___StringsKt                                               : loaded 3 times (x 71B)
Class kotlin.collections.CollectionsKt__IteratorsKt                                   : loaded 3 times (x 71B)
Class kotlin.reflect.KAnnotatedElement                                                : loaded 3 times (x 70B)
Class com.google.common.collect.ImmutableMap$Builder                                  : loaded 3 times (x 82B)
Class kotlin.collections.EmptyMap                                                     : loaded 3 times (x 109B)
Class kotlin.jvm.internal.Intrinsics                                                  : loaded 3 times (x 71B)
Class com.google.common.base.NullnessCasts                                            : loaded 3 times (x 71B)
Class com.google.common.cache.Cache                                                   : loaded 3 times (x 70B)
Class com.google.common.cache.LocalCache$Strength                                     : loaded 3 times (x 81B)
Class [Lcom.google.common.cache.Weigher;                                              : loaded 3 times (x 69B)
Class kotlin.coroutines.intrinsics.CoroutineSingletons                                : loaded 3 times (x 79B)
Class com.google.common.collect.AbstractMapBasedMultimap                              : loaded 3 times (x 139B)
Class com.google.common.base.FunctionalEquivalence                                    : loaded 3 times (x 83B)
Class kotlin.text.StringsKt__StringsJVMKt                                             : loaded 3 times (x 71B)
Class com.google.common.collect.NullsLastOrdering                                     : loaded 3 times (x 115B)
Class kotlin.text.StringsKt                                                           : loaded 3 times (x 71B)
Class kotlin.internal.ProgressionUtilKt                                               : loaded 3 times (x 71B)
Class com.google.common.collect.RegularImmutableMap$BucketOverflowException           : loaded 3 times (x 82B)
Class com.google.common.base.Suppliers$NonSerializableMemoizingSupplier               : loaded 3 times (x 79B)
Class com.google.common.cache.Weigher                                                 : loaded 3 times (x 70B)
Class kotlin.collections.MapsKt                                                       : loaded 3 times (x 71B)
Class kotlin.collections.CollectionsKt__IterablesKt                                   : loaded 3 times (x 71B)
Class kotlin.Function                                                                 : loaded 3 times (x 70B)
Class kotlin.collections.SetsKt__SetsJVMKt                                            : loaded 3 times (x 71B)
Class com.google.common.collect.ImmutableMapEntrySet                                  : loaded 3 times (x 152B)
Class kotlin.sequences.SequenceBuilderIterator                                        : loaded 3 times (x 85B)
Class com.google.common.collect.ImmutableMultimap$1                                   : loaded 3 times (x 82B)
Class kotlin.KotlinNullPointerException                                               : loaded 3 times (x 83B)
Class kotlin.collections.ArraysKt__ArraysKt                                           : loaded 3 times (x 71B)
Class com.google.common.cache.CacheLoader$SupplierToCacheLoader                       : loaded 3 times (x 75B)
Class kotlin.coroutines.jvm.internal.RestrictedContinuationImpl                       : loaded 3 times (x 87B)
Class com.google.common.math.MathPreconditions                                        : loaded 3 times (x 71B)
Class com.google.common.collect.ImmutableMultiset                                     : loaded 3 times (x 163B)
Class kotlin.jvm.functions.Function2                                                  : loaded 3 times (x 70B)
Class com.google.common.cache.CacheBuilder                                            : loaded 3 times (x 72B)
Class com.google.common.collect.ObjectArrays                                          : loaded 3 times (x 71B)
Class kotlin.Result$Failure                                                           : loaded 3 times (x 72B)
Class com.google.common.collect.ArrayListMultimapGwtSerializationDependencies         : loaded 3 times (x 172B)
Class com.google.common.collect.Multiset                                              : loaded 3 times (x 70B)
Class com.google.common.collect.ImmutableMultimap$Values                              : loaded 3 times (x 126B)
Class kotlin.text.StringsKt__IndentKt                                                 : loaded 3 times (x 71B)
Class com.google.common.collect.ImmutableMap                                          : loaded 3 times (x 120B)
Class com.google.common.cache.CacheBuilder$1                                          : loaded 3 times (x 85B)
Class com.google.common.collect.UsingToStringOrdering                                 : loaded 3 times (x 114B)
Class kotlin.jvm.internal.markers.KMutableList                                        : loaded 3 times (x 70B)
Class com.google.common.collect.Maps$EntryTransformer                                 : loaded 3 times (x 70B)
Class kotlin.text.StringsKt__StringNumberConversionsKt                                : loaded 3 times (x 71B)
Class com.google.common.base.Absent                                                   : loaded 3 times (x 80B)
Class com.google.common.primitives.Ints                                               : loaded 3 times (x 71B)
Class kotlin.ResultKt                                                                 : loaded 3 times (x 71B)
Class com.google.common.collect.NullsFirstOrdering                                    : loaded 3 times (x 115B)
Class com.google.common.cache.LocalCache$ValueReference                               : loaded 3 times (x 70B)
Class kotlin.coroutines.intrinsics.IntrinsicsKt__IntrinsicsKt                         : loaded 3 times (x 71B)
Class com.google.common.collect.ImmutableSortedAsList                                 : loaded 3 times (x 221B)
Class com.google.common.collect.ImmutableMultimap$2                                   : loaded 3 times (x 81B)
Class [Lcom.google.common.cache.LocalCache$Strength;                                  : loaded 3 times (x 69B)
Class [Lcom.google.common.cache.LocalCache$Segment;                                   : loaded 3 times (x 69B)
Class com.google.common.collect.RegularImmutableBiMap                                 : loaded 3 times (x 149B)
Class com.google.common.collect.BiMap                                                 : loaded 3 times (x 70B)
Class com.google.common.collect.ImmutableMap$1                                        : loaded 3 times (x 81B)
Class com.google.common.collect.IndexedImmutableSet                                   : loaded 3 times (x 152B)
Class [Lcom.google.common.cache.LocalCache$EntryFactory;                              : loaded 3 times (x 69B)
Class kotlin.ranges.RangesKt___RangesKt                                               : loaded 3 times (x 71B)
Class com.google.common.cache.LocalCache$LocalManualCache$1                           : loaded 3 times (x 75B)
Class com.google.common.base.Objects                                                  : loaded 3 times (x 71B)
Class com.google.common.base.Equivalence$Equals                                       : loaded 3 times (x 82B)
Class com.google.common.collect.Hashing                                               : loaded 3 times (x 71B)
Class com.google.common.collect.AbstractRangeSet                                      : loaded 3 times (x 114B)
Class kotlin.text.CharsKt__CharKt                                                     : loaded 3 times (x 71B)
Class kotlin.collections.MapsKt__MapsJVMKt                                            : loaded 3 times (x 71B)
Class kotlin.collections.EmptyList                                                    : loaded 3 times (x 174B)
Class kotlin.collections.ArraysKt                                                     : loaded 3 times (x 71B)
Class com.google.common.collect.AbstractMapBasedMultimap$KeySet$1                     : loaded 3 times (x 82B)
Class com.google.common.collect.Lists$ReverseList                                     : loaded 3 times (x 200B)
Class kotlin.jvm.functions.Function1                                                  : loaded 3 times (x 70B)
Class com.google.common.collect.Sets                                                  : loaded 3 times (x 71B)
Class com.google.common.cache.LocalCache$LocalManualCache                             : loaded 3 times (x 99B)
Class com.google.common.base.CommonPattern                                            : loaded 3 times (x 74B)
Class kotlin.text.RegexKt                                                             : loaded 3 times (x 71B)
Class com.google.common.cache.CacheBuilder$3                                          : loaded 3 times (x 72B)
Class com.google.common.collect.ArrayListMultimap                                     : loaded 3 times (x 172B)
Class com.google.common.cache.CacheLoader$UnsupportedLoadingOperationException        : loaded 3 times (x 82B)
Class com.google.common.collect.ByFunctionOrdering                                    : loaded 3 times (x 115B)
Class com.google.common.collect.RegularImmutableMap$KeySet                            : loaded 3 times (x 152B)
Class kotlin.coroutines.EmptyCoroutineContext                                         : loaded 3 times (x 77B)
Class kotlin.annotation.Target                                                        : loaded 3 times (x 70B)
Class [Lcom.google.common.collect.AbstractMapEntry;                                   : loaded 3 times (x 69B)
Class com.google.common.collect.ImmutableSetMultimap                                  : loaded 3 times (x 180B)
Class com.google.common.collect.ImmutableEntry                                        : loaded 3 times (x 82B)
Class kotlin.collections.AbstractMutableList                                          : loaded 3 times (x 206B)
Class com.google.common.base.Ticker                                                   : loaded 3 times (x 72B)
Class org.gradle.api.Action                                                           : loaded 3 times (x 70B)
Class org.gradle.internal.Cast                                                        : loaded 3 times (x 71B)
Class com.google.common.collect.Streams                                               : loaded 3 times (x 71B)
Class kotlin.collections.SetsKt__SetsKt                                               : loaded 3 times (x 71B)
Class com.google.common.collect.ExplicitOrdering                                      : loaded 3 times (x 115B)
Class kotlin.collections.SetsKt                                                       : loaded 3 times (x 71B)
Class com.google.common.collect.AbstractMapBasedMultimap$KeySet                       : loaded 3 times (x 137B)
Class kotlin.jvm.internal.CallableReference                                           : loaded 3 times (x 106B)
Class com.google.common.math.IntMath                                                  : loaded 3 times (x 71B)
Class kotlin.collections.MapsKt__MapWithDefaultKt                                     : loaded 3 times (x 71B)
Class com.google.common.util.concurrent.UncheckedExecutionException                   : loaded 3 times (x 82B)
Class com.google.common.collect.Range                                                 : loaded 3 times (x 87B)
Class kotlin.text.CharsKt                                                             : loaded 3 times (x 71B)
Class com.google.common.cache.LocalCache$EntryFactory                                 : loaded 3 times (x 83B)
Class com.google.common.base.Optional                                                 : loaded 3 times (x 80B)
Class com.google.common.collect.ImmutableRangeSet$1                                   : loaded 3 times (x 210B)
Class com.google.common.collect.ImmutableMapEntry                                     : loaded 3 times (x 85B)
Class com.google.common.base.JdkPattern                                               : loaded 3 times (x 75B)
Class kotlin.reflect.KCallable                                                        : loaded 3 times (x 70B)
Class com.google.common.cache.LocalCache$EntryFactory$1                               : loaded 3 times (x 83B)
Class [Lcom.google.common.cache.RemovalListener;                                      : loaded 3 times (x 69B)
Class com.google.common.collect.Maps$IteratorBasedAbstractMap                         : loaded 3 times (x 125B)
Class kotlin.reflect.KFunction                                                        : loaded 3 times (x 70B)
Class kotlin.collections.MapsKt__MapsKt                                               : loaded 3 times (x 71B)
Class kotlin.collections.MapsKt___MapsKt                                              : loaded 3 times (x 71B)
Class kotlin.collections.CollectionsKt__MutableCollectionsKt                          : loaded 3 times (x 71B)
Class kotlin.collections.ArraysKt__ArraysJVMKt                                        : loaded 3 times (x 71B)
Class kotlin.collections.ArraysKt___ArraysKt                                          : loaded 3 times (x 71B)
Class com.google.common.collect.AbstractMultimap                                      : loaded 3 times (x 123B)
Class com.google.common.collect.Sets$ImprovedAbstractSet                              : loaded 3 times (x 135B)
Class kotlin.jvm.functions.Function0                                                  : loaded 3 times (x 70B)
Class kotlin.collections.ArraysUtilJVM                                                : loaded 3 times (x 71B)
Class com.google.common.collect.AbstractSetMultimap                                   : loaded 3 times (x 174B)
Class com.google.common.cache.LocalCache$2                                            : loaded 3 times (x 142B)
Class com.google.common.collect.ImmutableMultimap                                     : loaded 3 times (x 147B)
Class com.google.common.collect.ImmutableMapEntry$NonTerminalImmutableMapEntry        : loaded 3 times (x 85B)
Class com.google.common.base.Equivalence                                              : loaded 3 times (x 82B)
Class com.google.common.collect.ImmutableSet$JdkBackedSetBuilderImpl                  : loaded 3 times (x 76B)
Class kotlin.enums.EnumEntries                                                        : loaded 3 times (x 70B)
Class kotlin.jvm.functions.Function4                                                  : loaded 3 times (x 70B)
Class com.google.common.base.Ascii                                                    : loaded 3 times (x 71B)
Class kotlin.Pair                                                                     : loaded 3 times (x 72B)
Class com.google.common.collect.AbstractMapEntry                                      : loaded 3 times (x 81B)
Class com.google.common.collect.SingletonImmutableBiMap                               : loaded 3 times (x 143B)
Class com.google.common.cache.LocalCache$1                                            : loaded 3 times (x 89B)
Class com.google.common.collect.RangeGwtSerializationDependencies                     : loaded 3 times (x 71B)
Class com.google.common.cache.LocalCache$EntryFactory$2                               : loaded 3 times (x 83B)
Class kotlin.jvm.internal.CallableReference$NoReceiver                                : loaded 3 times (x 71B)
Class com.google.common.cache.CacheBuilder$OneWeigher                                 : loaded 3 times (x 82B)
Class kotlin.text.StringsKt__StringBuilderKt                                          : loaded 3 times (x 71B)
Class com.google.common.collect.IndexedImmutableSet$1                                 : loaded 3 times (x 213B)
Class kotlin.collections.EmptySet                                                     : loaded 3 times (x 122B)
Class kotlin.collections.CollectionsKt___CollectionsKt                                : loaded 3 times (x 71B)
Class com.google.common.collect.Platform                                              : loaded 3 times (x 71B)
Class kotlin.Result                                                                   : loaded 3 times (x 72B)
Class kotlin.collections.CollectionsKt__IteratorsJVMKt                                : loaded 3 times (x 71B)
Class com.google.common.collect.BaseImmutableMultimap                                 : loaded 3 times (x 123B)
Class com.google.common.base.MoreObjects                                              : loaded 3 times (x 71B)
Class com.google.common.collect.SortedMapDifference                                   : loaded 3 times (x 70B)
Class kotlin.ranges.RangesKt                                                          : loaded 3 times (x 71B)
Class com.google.common.base.Supplier                                                 : loaded 3 times (x 70B)
Class com.google.common.collect.RangeSet                                              : loaded 3 times (x 70B)
Class com.google.common.collect.EmptyImmutableListMultimap                            : loaded 3 times (x 176B)
Class com.google.common.cache.LocalCache$EntryFactory$3                               : loaded 3 times (x 83B)
Class com.google.common.base.Ticker$1                                                 : loaded 3 times (x 72B)
Class com.google.common.collect.Multimaps                                             : loaded 3 times (x 71B)
Class com.google.common.collect.ImmutableRangeSet$AsSet                               : loaded 3 times (x 300B)
Class com.google.common.collect.Maps$BiMapConverter                                   : loaded 3 times (x 90B)
Class com.google.common.collect.ImmutableMapEntrySet$RegularEntrySet                  : loaded 3 times (x 152B)
Class kotlin.jvm.internal.FunctionBase                                                : loaded 3 times (x 70B)
Class kotlin.enums.EnumEntriesList                                                    : loaded 3 times (x 223B)
Class com.google.common.base.Suppliers$SupplierOfInstance                             : loaded 3 times (x 79B)
Class kotlin.TuplesKt                                                                 : loaded 3 times (x 71B)
Class com.google.common.collect.ImmutableMultisetGwtSerializationDependencies         : loaded 3 times (x 125B)
Class com.google.common.cache.LocalCache$ComputingValueReference                      : loaded 3 times (x 97B)
Class kotlin.Metadata                                                                 : loaded 3 times (x 70B)
Class kotlin.NoWhenBranchMatchedException                                             : loaded 3 times (x 82B)
Class kotlin.jvm.internal.FunctionReference                                           : loaded 3 times (x 122B)
Class com.google.common.collect.ImmutableListMultimap                                 : loaded 3 times (x 176B)
Class [Lkotlin.coroutines.intrinsics.CoroutineSingletons;                             : loaded 3 times (x 69B)
Class com.google.common.cache.CacheLoader$FunctionToCacheLoader                       : loaded 3 times (x 75B)
Class kotlin.text.Regex$Companion                                                     : loaded 3 times (x 71B)
Class com.google.common.cache.CacheBuilder$NullListener                               : loaded 3 times (x 82B)
Class kotlin.sequences.SequencesKt___SequencesJvmKt                                   : loaded 3 times (x 71B)
Class kotlin.Unit                                                                     : loaded 3 times (x 71B)
Class kotlin.jvm.internal.markers.KMutableIterable                                    : loaded 3 times (x 70B)
Class com.google.common.cache.LocalCache$EntryFactory$4                               : loaded 3 times (x 83B)
Class com.google.common.collect.ImmutableMap$IteratorBasedImmutableMap                : loaded 3 times (x 126B)
Class kotlin.collections.CollectionsKt__CollectionsKt                                 : loaded 3 times (x 71B)
Class com.google.common.collect.AbstractMapBasedMultimap$WrappedSet                   : loaded 3 times (x 142B)
Class com.google.common.collect.Maps                                                  : loaded 3 times (x 71B)
Class kotlin.collections.ArraysKt___ArraysJvmKt                                       : loaded 3 times (x 71B)
Class kotlin.jvm.internal.DefaultConstructorMarker                                    : loaded 3 times (x 71B)
Class kotlin.text.StringsKt__RegexExtensionsJVMKt                                     : loaded 3 times (x 71B)
Class com.google.common.collect.SetMultimap                                           : loaded 3 times (x 70B)
Class com.google.common.collect.MapDifference                                         : loaded 3 times (x 70B)
Class com.google.common.collect.ImmutableSet$Builder                                  : loaded 3 times (x 85B)
Class com.google.common.collect.AllEqualOrdering                                      : loaded 3 times (x 114B)
Class com.google.common.cache.LocalCache$Strength$3                                   : loaded 3 times (x 81B)
Class com.google.common.cache.LocalCache$EntryFactory$5                               : loaded 3 times (x 83B)
Class com.google.common.collect.ReverseOrdering                                       : loaded 3 times (x 115B)
Class com.google.common.cache.LocalCache$EntryFactory$6                               : loaded 3 times (x 83B)
Class kotlin.jvm.internal.markers.KMappedMarker                                       : loaded 3 times (x 70B)
Class com.google.common.cache.LocalCache$Strength$2                                   : loaded 3 times (x 81B)
Class Build_gradle                                                                    : loaded 3 times (x 126B)
Class com.google.common.collect.Sets$4                                                : loaded 3 times (x 139B)
Class kotlin.collections.CollectionsKt___CollectionsJvmKt                             : loaded 3 times (x 71B)
Class com.google.common.cache.CacheStats                                              : loaded 3 times (x 71B)
Class com.google.common.cache.LocalCache$EntryFactory$7                               : loaded 3 times (x 83B)
Class com.google.common.collect.ImmutableMultimap$Builder                             : loaded 3 times (x 83B)
Class [Lcom.google.common.collect.ImmutableEntry;                                     : loaded 3 times (x 69B)
Class com.google.common.cache.LocalCache$Strength$1                                   : loaded 3 times (x 81B)
Class com.google.common.collect.Maps$KeySet                                           : loaded 3 times (x 137B)
Class kotlin.UninitializedPropertyAccessException                                     : loaded 3 times (x 82B)
Class com.google.common.collect.ImmutableSet$EmptySetBuilderImpl                      : loaded 3 times (x 76B)
Class com.google.common.cache.LocalCache$Segment                                      : loaded 3 times (x 154B)
Class com.google.common.collect.Sets$3                                                : loaded 3 times (x 139B)
Class com.google.common.cache.LocalCache$LocalLoadingCache                            : loaded 3 times (x 134B)
Class com.google.common.cache.LocalCache$EntryFactory$8                               : loaded 3 times (x 83B)
Class kotlin.coroutines.jvm.internal.SuspendFunction                                  : loaded 3 times (x 70B)
Class com.google.common.collect.RegularImmutableMap$Values                            : loaded 3 times (x 207B)
Class com.google.common.cache.LocalCache$LoadingValueReference                        : loaded 3 times (x 97B)
Class kotlin.text.StringsKt___StringsJvmKt                                            : loaded 3 times (x 71B)
Class com.google.common.collect.ImmutableMultimap$EntryCollection                     : loaded 3 times (x 128B)
Class com.google.common.base.Suppliers$MemoizingSupplier                              : loaded 3 times (x 79B)
Class kotlin.text.StringsKt__StringNumberConversionsJVMKt                             : loaded 3 times (x 71B)
Class kotlin.sequences.Sequence                                                       : loaded 3 times (x 70B)
Class com.google.common.collect.Sets$2                                                : loaded 3 times (x 139B)
Class kotlin.sequences.SequenceScope                                                  : loaded 3 times (x 73B)
Class com.google.common.collect.NaturalOrdering                                       : loaded 3 times (x 115B)
Class com.google.common.cache.CacheLoader$1                                           : loaded 3 times (x 75B)
Class com.google.common.collect.Sets$1                                                : loaded 3 times (x 139B)
Class com.google.common.collect.ComparatorOrdering                                    : loaded 3 times (x 115B)
Class kotlin.reflect.KDeclarationContainer                                            : loaded 3 times (x 70B)
Class com.google.common.collect.CollectSpliterators                                   : loaded 3 times (x 71B)
Class kotlin.coroutines.intrinsics.IntrinsicsKt__IntrinsicsJvmKt                      : loaded 3 times (x 71B)
Class com.google.common.collect.ImmutableRangeSet                                     : loaded 3 times (x 115B)
Class kotlin.collections.EmptyIterator                                                : loaded 3 times (x 89B)
Class kotlin.coroutines.jvm.internal.CoroutineStackFrame                              : loaded 3 times (x 70B)
Class kotlin.text.StringsKt__RegexExtensionsKt                                        : loaded 3 times (x 71B)
Class com.google.common.collect.ImmutableBiMap                                        : loaded 3 times (x 143B)
Class kotlin.text.StringsKt__AppendableKt                                             : loaded 3 times (x 71B)
Class com.google.common.collect.ListMultimap                                          : loaded 3 times (x 70B)
Class com.google.common.collect.ImmutableEnumMap                                      : loaded 3 times (x 126B)
Class com.google.common.collect.CollectSpliterators$1WithCharacteristics              : loaded 3 times (x 90B)
Class [Lcom.google.common.collect.ImmutableMapEntry;                                  : loaded 3 times (x 69B)
Class com.google.common.collect.Ordering                                              : loaded 3 times (x 114B)
Class com.google.common.cache.AbstractCache$StatsCounter                              : loaded 3 times (x 70B)
Class kotlin.collections.CollectionsKt                                                : loaded 3 times (x 71B)
Class kotlin.collections.AbstractList$Companion                                       : loaded 3 times (x 71B)
Class kotlin.sequences.SequencesKt___SequencesKt                                      : loaded 3 times (x 71B)
Class kotlin.text.CharsKt__CharJVMKt                                                  : loaded 3 times (x 71B)
Class kotlin.Result$Companion                                                         : loaded 3 times (x 71B)
Class com.google.common.collect.CompoundOrdering                                      : loaded 3 times (x 115B)
Class kotlin.sequences.SequencesKt__SequencesJVMKt                                    : loaded 3 times (x 71B)
Class kotlin.coroutines.jvm.internal.RestrictedSuspendLambda                          : loaded 3 times (x 91B)
Class kotlin.coroutines.jvm.internal.BaseContinuationImpl                             : loaded 3 times (x 87B)
Class com.google.common.collect.Maps$8                                                : loaded 3 times (x 82B)
Class kotlin.collections.AbstractList                                                 : loaded 3 times (x 197B)
Class kotlin.collections.AbstractCollection                                           : loaded 3 times (x 117B)
Class com.google.common.collect.ReverseNaturalOrdering                                : loaded 3 times (x 114B)
Class com.google.common.base.Suppliers                                                : loaded 3 times (x 71B)
Class [Lcom.google.common.cache.CacheBuilder$OneWeigher;                              : loaded 3 times (x 69B)
Class kotlin.coroutines.CoroutineContext                                              : loaded 3 times (x 70B)
Class kotlin.coroutines.jvm.internal.DebugProbesKt                                    : loaded 3 times (x 71B)
Class com.google.common.collect.AbstractListMultimap                                  : loaded 3 times (x 172B)
Class com.google.common.cache.CacheLoader                                             : loaded 3 times (x 74B)
Class com.google.common.collect.CollectPreconditions                                  : loaded 3 times (x 71B)
Class com.google.common.collect.LexicographicalOrdering                               : loaded 3 times (x 115B)
Class com.google.common.collect.ForwardingCollection                                  : loaded 3 times (x 130B)
Class com.google.common.collect.Iterables                                             : loaded 3 times (x 71B)
Class com.google.common.collect.ImmutableMap$MapViewOfValuesAsSingletonSets           : loaded 3 times (x 126B)
Class com.google.common.collect.RegularImmutableMap                                   : loaded 3 times (x 121B)
Class kotlin.ranges.RangesKt__RangesKt                                                : loaded 3 times (x 71B)
Class kotlin.collections.SetsKt___SetsKt                                              : loaded 3 times (x 71B)
Class kotlin.sequences.SequencesKt__SequenceBuilderKt$sequence$$inlined$Sequence$1    : loaded 3 times (x 75B)
Class com.google.common.math.IntMath$1                                                : loaded 3 times (x 71B)
Class com.google.common.collect.Sets$SetView                                          : loaded 3 times (x 138B)
Class kotlin.coroutines.Continuation                                                  : loaded 3 times (x 70B)
Class kotlin.text.Regex                                                               : loaded 3 times (x 72B)
Class kotlin.text.StringsKt__StringBuilderJVMKt                                       : loaded 3 times (x 71B)
Class kotlin.sequences.SequencesKt__SequencesKt                                       : loaded 3 times (x 71B)
Class kotlin.jvm.KotlinReflectionNotSupportedError                                    : loaded 3 times (x 82B)
Class kotlin.annotation.Retention                                                     : loaded 3 times (x 70B)
Class com.google.common.collect.AbstractMapBasedMultimap$WrappedCollection            : loaded 3 times (x 124B)
Class com.google.common.collect.ImmutableEnumSet                                      : loaded 3 times (x 146B)
Class com.google.common.util.concurrent.ExecutionError                                : loaded 3 times (x 82B)
Class kotlin.collections.CollectionsKt__ReversedViewsKt                               : loaded 3 times (x 71B)
Class kotlin.jvm.internal.CollectionToArray                                           : loaded 3 times (x 71B)
Class com.google.common.primitives.IntsMethodsForWeb                                  : loaded 3 times (x 71B)
Class com.google.common.collect.ImmutableRangeSet$Builder                             : loaded 3 times (x 77B)
Class com.google.common.collect.Lists$ReverseList$1                                   : loaded 3 times (x 99B)
Class [Lcom.google.common.cache.CacheBuilder$NullListener;                            : loaded 3 times (x 69B)
Class com.google.common.collect.SortedSetMultimap                                     : loaded 3 times (x 70B)
Class kotlin.sequences.SequencesKt__SequenceBuilderKt                                 : loaded 3 times (x 71B)
Class com.google.common.collect.Lists$RandomAccessReverseList                         : loaded 3 times (x 200B)
Class com.google.common.graph.SuccessorsFunction                                      : loaded 3 times (x 70B)
Class kotlin.NotImplementedError                                                      : loaded 3 times (x 82B)
Class kotlin.text.StringsKt__StringsKt                                                : loaded 3 times (x 71B)
Class com.google.common.base.Equivalence$Identity                                     : loaded 3 times (x 82B)
Class com.google.common.base.PairwiseEquivalence                                      : loaded 3 times (x 83B)
Class org.gradle.api.GradleException                                                  : loaded 3 times (x 82B)
Class kotlin.UNINITIALIZED_VALUE                                                      : loaded 2 times (x 71B)
Class kotlin.jvm.internal.ReflectionFactory                                           : loaded 2 times (x 91B)
Class com.google.common.collect.RegularImmutableBiMap$Inverse                         : loaded 2 times (x 143B)
Class kotlin.Triple                                                                   : loaded 2 times (x 72B)
Class com.google.common.cache.LocalCache$StrongValueReference                         : loaded 2 times (x 90B)
Class org.objectweb.asm.Type                                                          : loaded 2 times (x 72B)
Class org.gradle.tooling.model.internal.ImmutableDomainObjectSet                      : loaded 2 times (x 155B)
Class org.gradle.internal.classloader.VisitableURLClassLoader$InstrumentingVisitableURLClassLoader: loaded 2 times (x 123B)
Class org.jetbrains.kotlin.tooling.core.Extras                                        : loaded 2 times (x 70B)
Class com.google.common.collect.Maps$FilteredEntryMap$EntrySet                        : loaded 2 times (x 152B)
Class kotlin.LazyKt__LazyKt                                                           : loaded 2 times (x 71B)
Class [Lcom.google.common.collect.Iterators$EmptyModifiableIterator;                  : loaded 2 times (x 69B)
Class [Lkotlin.reflect.jvm.internal.impl.resolve.jvm.JvmPrimitiveType;                : loaded 2 times (x 69B)
Class kotlin.jvm.internal.ClassBasedDeclarationContainer                              : loaded 2 times (x 70B)
Class com.google.common.collect.Maps$9                                                : loaded 2 times (x 76B)
Class com.google.common.base.Predicates$CompositionPredicate                          : loaded 2 times (x 88B)
Class org.gradle.tooling.model.Element                                                : loaded 2 times (x 70B)
Class org.gradle.tooling.internal.adapter.ProtocolToModelAdapter$NoOpDecoration       : loaded 2 times (x 79B)
Class org.gradle.tooling.internal.adapter.TypeInspector                               : loaded 2 times (x 73B)
Class kotlin.io.FilePathComponents                                                    : loaded 2 times (x 72B)
Class [Lorg.objectweb.asm.AnnotationWriter;                                           : loaded 2 times (x 69B)
Class [Lcom.android.builder.model.v2.ide.TestInfo$Execution;                          : loaded 2 times (x 69B)
Class com.android.builder.model.v2.dsl.ProductFlavor                                  : loaded 2 times (x 70B)
Class com.google.common.io.Files$FileByteSink                                         : loaded 2 times (x 77B)
Class com.android.builder.model.v2.ide.AndroidGradlePluginProjectFlags                : loaded 2 times (x 70B)
Class [Lcom.android.builder.model.v2.ide.AndroidGradlePluginProjectFlags$BooleanFlag; : loaded 2 times (x 69B)
Class com.android.builder.model.v2.ide.BasicVariant                                   : loaded 2 times (x 70B)
Class org.objectweb.asm.ByteVector                                                    : loaded 2 times (x 79B)
Class kotlin.comparisons.ComparisonsKt__ComparisonsKt                                 : loaded 2 times (x 71B)
Class org.gradle.internal.classloader.VisitableURLClassLoader$Spec                    : loaded 2 times (x 74B)
Class org.gradle.internal.classpath.DefaultClassPath                                  : loaded 2 times (x 90B)
Class com.google.common.base.AbstractIterator                                         : loaded 2 times (x 80B)
Class com.google.common.collect.AbstractMapBasedMultimap$WrappedList                  : loaded 2 times (x 205B)
Class com.squareup.javapoet.TypeSpec                                                  : loaded 2 times (x 72B)
Class org.gradle.internal.time.Clock                                                  : loaded 2 times (x 70B)
Class com.google.common.base.Platform                                                 : loaded 2 times (x 71B)
Class com.google.common.reflect.Invokable$MethodInvokable                             : loaded 2 times (x 107B)
Class kotlin.SynchronizedLazyImpl                                                     : loaded 2 times (x 76B)
Class com.squareup.javapoet.ArrayTypeName                                             : loaded 2 times (x 81B)
Class kotlin.jvm.internal.SpreadBuilder                                               : loaded 2 times (x 76B)
Class com.google.common.collect.Multimaps$Entries                                     : loaded 2 times (x 118B)
Class com.google.common.collect.AbstractMapBasedMultimap$AsMap                        : loaded 2 times (x 128B)
Class kotlin.reflect.full.IllegalPropertyDelegateAccessException                      : loaded 2 times (x 82B)
Class kotlin.LazyThreadSafetyMode                                                     : loaded 2 times (x 79B)
Class [Lkotlin.reflect.jvm.internal.impl.builtins.jvm.JavaToKotlinClassMap$PlatformMutabilityMapping;: loaded 2 times (x 69B)
Class sync_studio_tooling3_4q30iqg9nsybm09eshu503c0x$_run_closure1                    : loaded 2 times (x 139B)
Class com.google.common.reflect.Types$ClassOwnership                                  : loaded 2 times (x 80B)
Class com.android.builder.model.v2.ide.BundleInfo                                     : loaded 2 times (x 70B)
Class com.android.builder.model.v2.ide.SourceProvider                                 : loaded 2 times (x 70B)
Class org.objectweb.asm.Symbol                                                        : loaded 2 times (x 73B)
Class kotlin.sequences.FilteringSequence                                              : loaded 2 times (x 75B)
Class kotlin.comparisons.ComparisonsKt                                                : loaded 2 times (x 71B)
Class kotlin.comparisons.ComparisonsKt___ComparisonsKt                                : loaded 2 times (x 71B)
Class org.gradle.util.internal.DefaultGradleVersion                                   : loaded 2 times (x 80B)
Class com.google.common.collect.Sets$FilteredSet                                      : loaded 2 times (x 137B)
Class com.google.common.collect.Sets$3$1                                              : loaded 2 times (x 82B)
Class com.squareup.javapoet.JavaFile                                                  : loaded 2 times (x 72B)
Class com.google.common.reflect.Types$JavaVersion                                     : loaded 2 times (x 83B)
Class kotlin.reflect.KType                                                            : loaded 2 times (x 70B)
Class kotlin.jvm.internal.MutablePropertyReference                                    : loaded 2 times (x 119B)
Class kotlin.jvm.internal.PropertyReference2                                          : loaded 2 times (x 127B)
Class kotlin.LazyKt__LazyJVMKt$WhenMappings                                           : loaded 2 times (x 71B)
Class com.google.common.collect.MultimapBuilder$ListMultimapBuilder                   : loaded 2 times (x 75B)
Class kotlin.UnsafeLazyImpl                                                           : loaded 2 times (x 76B)
Class com.google.common.io.Closer                                                     : loaded 2 times (x 78B)
Class org.gradle.internal.classloader.ClassLoaderSpec                                 : loaded 2 times (x 71B)
Class org.gradle.api.specs.Spec                                                       : loaded 2 times (x 70B)
Class kotlin.reflect.jvm.internal.ReflectProperties$Val$1                             : loaded 2 times (x 71B)
Class org.gradle.internal.time.TimeSource$1                                           : loaded 2 times (x 77B)
Class com.google.common.util.concurrent.LazyLogger                                    : loaded 2 times (x 72B)
Class com.android.builder.model.v2.dsl.BaseConfig                                     : loaded 2 times (x 70B)
Class com.google.common.io.CharSource                                                 : loaded 2 times (x 85B)
Class sync_studio_tooling1_82qgyhif73xc5rlopv7501h38                                  : loaded 2 times (x 171B)
Class com.squareup.javapoet.TypeVariableName                                          : loaded 2 times (x 81B)
Class kotlin.jvm.internal.PropertyReference1                                          : loaded 2 times (x 127B)
Class kotlin.reflect.full.IllegalCallableAccessException                              : loaded 2 times (x 82B)
Class com.google.common.collect.ComparisonChain                                       : loaded 2 times (x 80B)
Class kotlin.io.FileSystemException                                                   : loaded 2 times (x 82B)
Class com.android.builder.model.v2.ide.ProjectType                                    : loaded 2 times (x 79B)
Class com.google.common.io.ByteSource$EmptyByteSource                                 : loaded 2 times (x 85B)
Class org.objectweb.asm.AnnotationWriter                                              : loaded 2 times (x 79B)
Class kotlin.jvm.internal.FunctionReferenceImpl                                       : loaded 2 times (x 122B)
Class com.google.common.util.concurrent.Uninterruptibles                              : loaded 2 times (x 71B)
Class org.jetbrains.kotlin.tooling.core.HasExtras                                     : loaded 2 times (x 70B)
Class com.android.builder.model.v2.ide.ComponentInfo                                  : loaded 2 times (x 70B)
Class kotlin.jvm.internal.PropertyReference0                                          : loaded 2 times (x 127B)
Class org.gradle.internal.classloader.ClasspathUtil                                   : loaded 2 times (x 71B)
Class com.google.common.collect.AbstractMapBasedMultimap$2                            : loaded 2 times (x 85B)
Class org.gradle.tooling.model.ProjectIdentifier                                      : loaded 2 times (x 70B)
Class org.gradle.tooling.model.idea.IdeaCompilerOutput                                : loaded 2 times (x 70B)
Class kotlin.text.MatchResult$DefaultImpls                                            : loaded 2 times (x 71B)
Class com.google.common.reflect.Types$ClassOwnership$1LocalClass                      : loaded 2 times (x 71B)
Class kotlin.reflect.jvm.internal.KDeclarationContainerImpl$Companion                 : loaded 2 times (x 71B)
Class com.google.common.collect.Maps$EntryFunction                                    : loaded 2 times (x 91B)
Class org.gradle.internal.exceptions.ResolutionProvider                               : loaded 2 times (x 70B)
Class com.google.common.io.LineProcessor                                              : loaded 2 times (x 70B)
Class com.google.common.io.Closer$Suppressor                                          : loaded 2 times (x 70B)
Class org.objectweb.asm.RecordComponentWriter                                         : loaded 2 times (x 78B)
Class [Lcom.android.builder.model.v2.ide.ProjectType;                                 : loaded 2 times (x 69B)
Class com.google.common.util.concurrent.AbstractFuture$Listener                       : loaded 2 times (x 72B)
Class Settings_gradle$1$1                                                             : loaded 2 times (x 75B)
Class org.gradle.tooling.internal.adapter.ProtocolToModelAdapter$DefaultViewBuilder   : loaded 2 times (x 80B)
Class com.google.common.collect.MultimapBuilder$SortedSetMultimapBuilder              : loaded 2 times (x 77B)
Class com.google.common.collect.ForwardingSet                                         : loaded 2 times (x 151B)
Class org.gradle.tooling.internal.adapter.ProtocolToModelAdapter$MixInMappingAction   : loaded 2 times (x 80B)
Class org.apache.commons.io.output.AbstractByteArrayOutputStream                      : loaded 2 times (x 102B)
Class com.android.builder.model.v2.ide.JavaCompileOptions                             : loaded 2 times (x 70B)
Class kotlin.jvm.internal.markers.KMutableListIterator                                : loaded 2 times (x 70B)
Class org.gradle.tooling.internal.gradle.GradleBuildIdentity                          : loaded 2 times (x 70B)
Class com.android.builder.model.v2.ide.TestInfo                                       : loaded 2 times (x 70B)
Class com.google.common.base.Predicates                                               : loaded 2 times (x 71B)
Class org.gradle.tooling.model.kotlin.dsl.KotlinDslScriptsModel                       : loaded 2 times (x 70B)
Class [Lorg.objectweb.asm.Label;                                                      : loaded 2 times (x 69B)
Class [Lcom.android.builder.model.v2.ide.AaptOptions$Namespacing;                     : loaded 2 times (x 69B)
Class com.android.ide.common.gradle.Version$Companion$ParseState                      : loaded 2 times (x 70B)
Class org.objectweb.asm.Attribute                                                     : loaded 2 times (x 77B)
Class org.gradle.tooling.internal.adapter.ProtocolToModelAdapter$ViewGraphDetails$1   : loaded 2 times (x 77B)
Class org.gradle.internal.classloader.VisitableURLClassLoader                         : loaded 2 times (x 117B)
Class [Lkotlin.DeprecationLevel;                                                      : loaded 2 times (x 69B)
Class com.google.common.base.Verify                                                   : loaded 2 times (x 71B)
Class kotlin.reflect.jvm.internal.KClassImpl                                          : loaded 2 times (x 115B)
Class org.gradle.internal.time.TimeSource                                             : loaded 2 times (x 70B)
Class org.gradle.tooling.model.idea.IdeaDependencyScope                               : loaded 2 times (x 70B)
Class kotlin.ranges.IntRange                                                          : loaded 2 times (x 93B)
Class [Lorg.gradle.api.JavaVersion;                                                   : loaded 2 times (x 69B)
Class org.objectweb.asm.commons.InstructionAdapter                                    : loaded 2 times (x 188B)
Class [Lcom.google.common.collect.HashBiMap$BiEntry;                                  : loaded 2 times (x 69B)
Class com.google.common.reflect.Types$TypeVariableInvocationHandler                   : loaded 2 times (x 75B)
Class kotlin.reflect.jvm.internal.impl.descriptors.runtime.structure.ReflectClassUtilKt: loaded 2 times (x 71B)
Class kotlin.jvm.internal.markers.KMutableMap                                         : loaded 2 times (x 70B)
Class kotlin.collections.AbstractList$SubList                                         : loaded 2 times (x 198B)
Class kotlin.collections.AbstractList$IteratorImpl                                    : loaded 2 times (x 82B)
Class com.google.common.collect.LinkedHashMultimap$ValueEntry                         : loaded 2 times (x 89B)
Class sync_studio_tooling1_82qgyhif73xc5rlopv7501h38$_run_closure1                    : loaded 2 times (x 139B)
Class com.google.common.collect.ImmutableList$SerializedForm                          : loaded 2 times (x 73B)
Class com.google.common.io.CharSource$AsByteSource                                    : loaded 2 times (x 85B)
Class com.android.ide.common.repository.AgpVersion$Companion                          : loaded 2 times (x 71B)
Class Settings_gradle                                                                 : loaded 2 times (x 124B)
Class kotlin.sequences.FlatteningSequence$iterator$1                                  : loaded 2 times (x 79B)
Class org.gradle.internal.service.CachingServiceLocator                               : loaded 2 times (x 82B)
Class org.apache.commons.io.CloseableURLConnection                                    : loaded 2 times (x 116B)
Class org.gradle.tooling.model.idea.IdeaDependency                                    : loaded 2 times (x 70B)
Class com.android.builder.model.v2.ide.LibraryInfo                                    : loaded 2 times (x 70B)
Class com.google.common.collect.ImmutableMap$SerializedForm                           : loaded 2 times (x 73B)
Class kotlin.reflect.jvm.internal.impl.builtins.PrimitiveType                         : loaded 2 times (x 79B)
Class org.gradle.internal.classloader.ClassLoaderFactory                              : loaded 2 times (x 70B)
Class kotlin.sequences.SequencesKt___SequencesKt$sortedWith$1                         : loaded 2 times (x 75B)
Class com.squareup.javapoet.LineWrapper                                               : loaded 2 times (x 72B)
Class kotlin.jvm.internal.MutablePropertyReference1Impl                               : loaded 2 times (x 137B)
Class org.gradle.internal.service.ServiceLookupException                              : loaded 2 times (x 82B)
Class org.gradle.internal.time.MonotonicClock                                         : loaded 2 times (x 77B)
Class kotlin.text.MatchNamedGroupCollection                                           : loaded 2 times (x 70B)
Class kotlin.io.FilesKt__FileReadWriteKt                                              : loaded 2 times (x 71B)
Class com.android.builder.model.v2.ide.AaptOptions                                    : loaded 2 times (x 70B)
Class [Lcom.android.builder.model.v2.ide.BytecodeTransformation;                      : loaded 2 times (x 69B)
Class com.google.common.collect.HashBiMap                                             : loaded 2 times (x 143B)
Class com.google.common.base.Strings                                                  : loaded 2 times (x 71B)
Class com.android.ide.common.gradle.Version$Companion                                 : loaded 2 times (x 71B)
Class org.objectweb.asm.Handler                                                       : loaded 2 times (x 72B)
Class com.google.common.collect.MultimapBuilder$SetMultimapBuilder                    : loaded 2 times (x 75B)
Class [Lkotlin.Pair;                                                                  : loaded 2 times (x 69B)
Class com.google.common.reflect.TypeResolver$TypeTable$1                              : loaded 2 times (x 73B)
Class org.gradle.util.internal.DefaultGradleVersion$Stage                             : loaded 2 times (x 75B)
Class kotlin.jvm.internal.markers.KMutableIterator                                    : loaded 2 times (x 70B)
Class com.google.common.collect.ImmutableSortedSet$Builder                            : loaded 2 times (x 86B)
Class com.google.common.base.Functions                                                : loaded 2 times (x 71B)
Class org.objectweb.asm.RecordComponentVisitor                                        : loaded 2 times (x 77B)
Class com.google.common.reflect.TypeResolver$TypeTable                                : loaded 2 times (x 73B)
Class kotlin.LazyKt__LazyJVMKt                                                        : loaded 2 times (x 71B)
Class com.google.common.base.CaseFormat$StringConverter                               : loaded 2 times (x 90B)
Class com.google.common.util.concurrent.AbstractFuture                                : loaded 2 times (x 106B)
Class [Lcom.android.builder.model.v2.ide.CodeShrinker;                                : loaded 2 times (x 69B)
Class com.google.common.base.Functions$ConstantFunction                               : loaded 2 times (x 84B)
Class com.google.common.util.concurrent.ListenableFuture                              : loaded 2 times (x 70B)
Class com.squareup.javapoet.TypeName                                                  : loaded 2 times (x 81B)
Class kotlin.reflect.jvm.internal.impl.name.SpecialNames                              : loaded 2 times (x 71B)
Class com.google.common.collect.ImmutableSetMultimap$EntrySet                         : loaded 2 times (x 146B)
Class kotlin.collections.IndexedValue                                                 : loaded 2 times (x 72B)
Class com.google.common.collect.LinkedHashMultimap$ValueSetLink                       : loaded 2 times (x 70B)
Class com.android.builder.model.v2.models.ndk.NativeModelBuilderParameter             : loaded 2 times (x 70B)
Class kotlin.KotlinNothingValueException                                              : loaded 2 times (x 82B)
Class org.gradle.internal.classpath.DefaultClassPath$ImmutableUniqueList$Builder      : loaded 2 times (x 75B)
Class org.gradle.api.internal.classpath.DefaultModuleRegistry                         : loaded 2 times (x 86B)
Class com.google.common.collect.Lists$TransformingRandomAccessList                    : loaded 2 times (x 199B)
Class kotlin.io.FilesKt__UtilsKt                                                      : loaded 2 times (x 71B)
Class kotlin.jvm.functions.Function3                                                  : loaded 2 times (x 70B)
Class kotlin.reflect.jvm.internal.KDeclarationContainerImpl$Data                      : loaded 2 times (x 72B)
Class com.android.builder.model.v2.models.ModelBuilderParameter                       : loaded 2 times (x 70B)
Class com.google.common.collect.Multimaps$CustomSetMultimap                           : loaded 2 times (x 178B)
Class com.google.common.collect.Multimaps$CustomListMultimap                          : loaded 2 times (x 174B)
Class com.google.common.collect.HashBiMap$Inverse                                     : loaded 2 times (x 142B)
Class com.android.builder.model.v2.ide.Installation                                   : loaded 2 times (x 70B)
Class kotlin.reflect.jvm.internal.KDeclarationContainerImpl                           : loaded 2 times (x 84B)
Class com.google.common.collect.Iterators$6                                           : loaded 2 times (x 81B)
Class com.squareup.javapoet.JavaFile$1                                                : loaded 2 times (x 79B)
Class com.google.common.collect.MultimapBuilder$ArrayListSupplier                     : loaded 2 times (x 77B)
Class org.gradle.tooling.internal.adapter.WeakIdentityHashMap$AbsentValueProvider     : loaded 2 times (x 70B)
Class org.gradle.tooling.internal.adapter.ObjectGraphAdapter                          : loaded 2 times (x 70B)
Class com.android.ide.common.repository.AgpVersion$PreviewKind$Companion              : loaded 2 times (x 71B)
Class com.google.common.util.concurrent.internal.InternalFutureFailureAccess          : loaded 2 times (x 72B)
Class org.apache.commons.io.output.NullWriter                                         : loaded 2 times (x 99B)
Class com.android.builder.model.v2.ide.PrivacySandboxSdkInfo                          : loaded 2 times (x 70B)
Class kotlin.reflect.jvm.internal.impl.builtins.PrimitiveType$Companion               : loaded 2 times (x 71B)
Class com.google.common.base.Splitter$SplittingIterator                               : loaded 2 times (x 84B)
Class kotlin.reflect.jvm.internal.KClassImpl$Data                                     : loaded 2 times (x 72B)
Class org.gradle.api.internal.classpath.ModuleRegistry                                : loaded 2 times (x 70B)
Class org.gradle.internal.installation.GradleInstallation$1                           : loaded 2 times (x 75B)
Class [Lorg.objectweb.asm.SymbolTable$Entry;                                          : loaded 2 times (x 69B)
Class com.android.builder.model.v2.models.ndk.NativeModule                            : loaded 2 times (x 70B)
Class [Lcom.google.common.base.Supplier;                                              : loaded 2 times (x 69B)
Class kotlin.reflect.jvm.internal.ReflectProperties                                   : loaded 2 times (x 71B)
Class kotlin.SafePublicationLazyImpl                                                  : loaded 2 times (x 76B)
Class org.gradle.tooling.internal.adapter.ProtocolToModelAdapter$MethodInvocationCache: loaded 2 times (x 73B)
Class com.android.builder.model.v2.models.Versions                                    : loaded 2 times (x 70B)
Class com.android.builder.model.v2.ide.ArtifactDependenciesAdjacencyList              : loaded 2 times (x 70B)
Class com.android.builder.model.v2.ide.Library                                        : loaded 2 times (x 70B)
Class org.gradle.internal.exceptions.NonGradleCauseExceptionsHolder                   : loaded 2 times (x 70B)
Class org.gradle.tooling.model.idea.IdeaModuleDependency                              : loaded 2 times (x 70B)
Class org.gradle.tooling.internal.adapter.ViewBuilder                                 : loaded 2 times (x 70B)
Class com.google.common.reflect.TypeToken$2                                           : loaded 2 times (x 110B)
Class sync_studio_tooling3_4q30iqg9nsybm09eshu503c0x                                  : loaded 2 times (x 171B)
Class kotlin.jvm.functions.Function5                                                  : loaded 2 times (x 70B)
Class kotlin.reflect.KProperty$Getter                                                 : loaded 2 times (x 70B)
Class com.google.common.collect.AbstractMapBasedMultimap$AsMap$AsMapEntries           : loaded 2 times (x 138B)
Class com.google.common.collect.AbstractMapBasedMultiset                              : loaded 2 times (x 163B)
Class com.google.common.collect.MultimapBuilder                                       : loaded 2 times (x 73B)
Class kotlin.text.MatchResult$Destructured                                            : loaded 2 times (x 72B)
Class com.android.ide.common.repository.AgpVersion$PreviewKind$WhenMappings           : loaded 2 times (x 71B)
Class com.android.builder.model.v2.ide.SyncIssue                                      : loaded 2 times (x 70B)
Class com.google.common.reflect.TypeToken$1                                           : loaded 2 times (x 110B)
Class sync_studio_tooling5_6vqrzm928kr302ss1nvaynrww$_run_closure1                    : loaded 2 times (x 139B)
Class com.google.common.collect.Count                                                 : loaded 2 times (x 71B)
Class org.gradle.tooling.model.Model                                                  : loaded 2 times (x 70B)
Class org.objectweb.asm.Edge                                                          : loaded 2 times (x 72B)
Class com.android.builder.model.v2.ide.Variant                                        : loaded 2 times (x 70B)
Class [Lcom.google.common.base.CaseFormat;                                            : loaded 2 times (x 69B)
Class com.google.common.io.CharSource$EmptyCharSource                                 : loaded 2 times (x 86B)
Class com.android.builder.model.v2.ide.AndroidLibraryData                             : loaded 2 times (x 70B)
Class com.android.builder.model.v2.ide.ApiVersion                                     : loaded 2 times (x 70B)
Class org.apache.commons.io.StandardLineSeparator                                     : loaded 2 times (x 79B)
Class com.android.ide.common.gradle.Version                                           : loaded 2 times (x 75B)
Class com.google.common.collect.Maps$AbstractFilteredMap                              : loaded 2 times (x 127B)
Class org.gradle.internal.Factory                                                     : loaded 2 times (x 70B)
Class kotlin.jvm.functions.Function6                                                  : loaded 2 times (x 70B)
Class kotlin.reflect.jvm.internal.KTypeParameterOwnerImpl                             : loaded 2 times (x 70B)
Class org.objectweb.asm.SymbolTable$Entry                                             : loaded 2 times (x 74B)
Class com.google.common.io.CharSource$CharSequenceCharSource                          : loaded 2 times (x 86B)
Class kotlin.jvm.internal.Lambda                                                      : loaded 2 times (x 75B)
Class [Lkotlin.reflect.KDeclarationContainer;                                         : loaded 2 times (x 69B)
Class com.google.common.collect.Sets$1$1                                              : loaded 2 times (x 82B)
Class kotlin.collections.ArrayDeque                                                   : loaded 2 times (x 207B)
Class [Lcom.google.common.reflect.Types$JavaVersion;                                  : loaded 2 times (x 69B)
Class com.google.common.io.Files$FileByteSource                                       : loaded 2 times (x 85B)
Class [Lkotlin.reflect.jvm.internal.impl.name.FqName;                                 : loaded 2 times (x 69B)
Class kotlin.reflect.jvm.internal.KPackageImpl                                        : loaded 2 times (x 85B)
Class com.google.common.base.Equivalence$Wrapper                                      : loaded 2 times (x 72B)
Class [Lcom.google.common.io.FileWriteMode;                                           : loaded 2 times (x 69B)
Class com.android.builder.model.v2.models.Versions$Version                            : loaded 2 times (x 70B)
Class kotlin.io.FilesKt                                                               : loaded 2 times (x 71B)
Class com.google.common.collect.LinkedHashMultimap$ValueSet$1                         : loaded 2 times (x 82B)
Class kotlin.jvm.functions.Function7                                                  : loaded 2 times (x 70B)
Class kotlin.reflect.jvm.internal.impl.name.Name                                      : loaded 2 times (x 75B)
Class kotlin.reflect.jvm.internal.KPropertyImpl$Companion                             : loaded 2 times (x 71B)
Class org.gradle.internal.classpath.ClassPath                                         : loaded 2 times (x 70B)
Class Settings_gradle$1                                                               : loaded 2 times (x 75B)
Class com.android.builder.model.v2.AndroidModel                                       : loaded 2 times (x 70B)
Class com.android.builder.model.v2.models.AndroidProject                              : loaded 2 times (x 70B)
Class com.android.builder.model.v2.dsl.SigningConfig                                  : loaded 2 times (x 70B)
Class com.google.common.io.ByteSink                                                   : loaded 2 times (x 76B)
Class kotlin.collections.IntIterator                                                  : loaded 2 times (x 82B)
Class org.apache.commons.io.IOUtils                                                   : loaded 2 times (x 71B)
Class com.google.common.io.Files                                                      : loaded 2 times (x 71B)
Class com.google.common.cache.LocalCache$WriteThroughEntry                            : loaded 2 times (x 79B)
Class com.google.common.cache.LocalCache$HashIterator                                 : loaded 2 times (x 86B)
Class org.gradle.tooling.internal.adapter.ProtocolToModelAdapter$ReflectionMethodInvoker: loaded 2 times (x 76B)
Class com.google.common.collect.Iterables$5                                           : loaded 2 times (x 81B)
Class com.google.common.reflect.TypeToken                                             : loaded 2 times (x 73B)
Class kotlin.collections.builders.MapBuilder$Companion                                : loaded 2 times (x 71B)
Class [Lkotlin.annotation.AnnotationRetention;                                        : loaded 2 times (x 69B)
Class kotlin.jvm.functions.Function8                                                  : loaded 2 times (x 70B)
Class kotlin.reflect.jvm.internal.impl.name.FqNameUnsafe                              : loaded 2 times (x 72B)
Class com.squareup.javapoet.Util                                                      : loaded 2 times (x 71B)
Class kotlin.reflect.jvm.internal.ComputableClassValue                                : loaded 2 times (x 80B)
Class kotlin.reflect.jvm.internal.impl.resolve.jvm.JvmPrimitiveType                   : loaded 2 times (x 79B)
Class org.gradle.internal.classpath.DefaultClassPath$ImmutableUniqueList              : loaded 2 times (x 199B)
Class org.gradle.api.internal.ClassPathRegistry                                       : loaded 2 times (x 70B)
Class kotlin.ranges.ClosedRange                                                       : loaded 2 times (x 70B)
Class com.android.builder.model.v2.ide.JavaArtifact                                   : loaded 2 times (x 70B)
Class com.google.common.reflect.Invokable$ConstructorInvokable                        : loaded 2 times (x 107B)
Class kotlin.jvm.internal.Reflection                                                  : loaded 2 times (x 71B)
Class kotlin.reflect.KProperty                                                        : loaded 2 times (x 70B)
Class kotlin.jvm.JvmClassMappingKt                                                    : loaded 2 times (x 71B)
Class kotlin.reflect.jvm.internal.KPropertyImpl                                       : loaded 2 times (x 115B)
Class kotlin.annotation.AnnotationTarget                                              : loaded 2 times (x 79B)
Class com.squareup.javapoet.CodeBlock$Builder                                         : loaded 2 times (x 72B)
Class com.google.common.collect.Maps$EntryFunction$2                                  : loaded 2 times (x 91B)
Class com.google.common.reflect.Types$NativeTypeVariableEquals                        : loaded 2 times (x 71B)
Class com.google.common.reflect.TypeParameter                                         : loaded 2 times (x 72B)
Class [Lcom.android.ide.common.gradle.Separator;                                      : loaded 2 times (x 69B)
Class org.jetbrains.kotlin.tooling.core.HasMutableExtras                              : loaded 2 times (x 70B)
Class com.google.common.cache.LocalCache$AbstractReferenceEntry                       : loaded 2 times (x 107B)
Class com.google.common.collect.Maps$FilteredEntryMap$EntrySet$1                      : loaded 2 times (x 82B)
Class com.google.common.collect.MultimapBuilder$MultimapBuilderWithKeys$1             : loaded 2 times (x 76B)
Class org.gradle.api.internal.DefaultClassPathRegistry                                : loaded 2 times (x 76B)
Class com.google.common.base.VerifyException                                          : loaded 2 times (x 82B)
Class com.google.common.collect.ImmutableMapKeySet                                    : loaded 2 times (x 152B)
Class kotlin.annotation.MustBeDocumented                                              : loaded 2 times (x 70B)
Class [Lkotlin.reflect.jvm.internal.impl.name.ClassId;                                : loaded 2 times (x 69B)
Class kotlin.jvm.functions.Function10                                                 : loaded 2 times (x 70B)
Class kotlin.jvm.functions.Function9                                                  : loaded 2 times (x 70B)
Class [Lkotlin.LazyThreadSafetyMode;                                                  : loaded 2 times (x 69B)
Class [Lkotlin.reflect.KClassifier;                                                   : loaded 2 times (x 69B)
Class kotlin.reflect.jvm.internal.EmptyContainerForLocal                              : loaded 2 times (x 84B)
Class org.gradle.tooling.internal.gradle.GradleProjectIdentity                        : loaded 2 times (x 70B)
Class sync_studio_tooling_36ptr2nf1ucg2psxastdfsy1x                                   : loaded 2 times (x 171B)
Class [Lkotlin.reflect.KAnnotatedElement;                                             : loaded 2 times (x 69B)
Class kotlin.reflect.jvm.internal.ReflectProperties$LazySoftVal                       : loaded 2 times (x 78B)
Class kotlin.reflect.jvm.internal.impl.builtins.StandardNames                         : loaded 2 times (x 71B)
Class [Lkotlin.reflect.jvm.internal.impl.builtins.PrimitiveType;                      : loaded 2 times (x 69B)
Class com.android.builder.model.v2.models.VariantDependencies                         : loaded 2 times (x 70B)
Class com.google.common.collect.LinkedHashMultimap                                    : loaded 2 times (x 175B)
Class com.google.common.base.Enums                                                    : loaded 2 times (x 71B)
Class org.objectweb.asm.SymbolTable                                                   : loaded 2 times (x 72B)
Class org.gradle.internal.classloader.SystemClassLoaderSpec                           : loaded 2 times (x 71B)
Class com.google.common.collect.MultimapBuilder$MultimapBuilderWithKeys$2             : loaded 2 times (x 76B)
Class com.google.common.collect.Maps$TransformedEntriesMap                            : loaded 2 times (x 127B)
Class com.google.common.collect.FluentIterable                                        : loaded 2 times (x 81B)
Class com.google.common.collect.AbstractMapBasedMultimap$AsMap$AsMapIterator          : loaded 2 times (x 83B)
Class com.google.common.collect.Maps$EntryFunction$1                                  : loaded 2 times (x 91B)
Class com.google.common.base.CaseFormat                                               : loaded 2 times (x 83B)
Class kotlin.jvm.functions.Function11                                                 : loaded 2 times (x 70B)
Class com.google.common.util.concurrent.AbstractFuture$Cancellation                   : loaded 2 times (x 72B)
Class com.google.common.collect.AbstractMultimap$Entries                              : loaded 2 times (x 120B)
Class kotlin.collections.IndexingIterator                                             : loaded 2 times (x 79B)
Class com.google.common.base.Stopwatch                                                : loaded 2 times (x 72B)
Class kotlin.jvm.internal.PropertyReference                                           : loaded 2 times (x 115B)
Class org.gradle.api.internal.classpath.UnknownModuleException                        : loaded 2 times (x 82B)
Class kotlin.io.FileAlreadyExistsException                                            : loaded 2 times (x 82B)
Class com.android.builder.model.v2.ide.TestedTargetVariant                            : loaded 2 times (x 70B)
Class com.google.common.cache.LocalCache$StrongEntry                                  : loaded 2 times (x 108B)
Class com.google.common.util.concurrent.AbstractFuture$TrustedFuture                  : loaded 2 times (x 114B)
Class kotlin.ranges.IntRange$Companion                                                : loaded 2 times (x 71B)
Class kotlin.text.MatcherMatchResult$groups$1                                         : loaded 2 times (x 151B)
Class org.gradle.internal.exceptions.MultiCauseException                              : loaded 2 times (x 70B)
Class org.gradle.internal.time.CountdownTimer                                         : loaded 2 times (x 70B)
Class com.google.common.collect.MultimapBuilder$MultimapBuilderWithKeys$3             : loaded 2 times (x 76B)
Class kotlin.reflect.KMutableProperty                                                 : loaded 2 times (x 70B)
Class kotlin.reflect.jvm.internal.KClassifierImpl                                     : loaded 2 times (x 70B)
Class com.squareup.javapoet.AnnotationSpec$Builder                                    : loaded 2 times (x 72B)
Class kotlin.jvm.functions.Function12                                                 : loaded 2 times (x 70B)
Class [Lcom.google.common.collect.LinkedHashMultimap$ValueSetLink;                    : loaded 2 times (x 69B)
Class org.gradle.api.internal.classpath.Module                                        : loaded 2 times (x 70B)
Class org.gradle.tooling.internal.gradle.DefaultBuildIdentifier                       : loaded 2 times (x 79B)
Class org.gradle.tooling.internal.adapter.ProtocolToModelAdapter$AdaptingMethodInvoker: loaded 2 times (x 76B)
Class org.apache.commons.io.output.NullOutputStream                                   : loaded 2 times (x 85B)
Class dagger.hilt.processor.internal.optionvalues.GradleProjectType                   : loaded 2 times (x 79B)
Class com.squareup.javapoet.ParameterizedTypeName                                     : loaded 2 times (x 81B)
Class kotlin.reflect.jvm.internal.KotlinReflectionInternalError                       : loaded 2 times (x 82B)
Class kotlin.reflect.jvm.internal.impl.builtins.jvm.JavaToKotlinClassMap              : loaded 2 times (x 71B)
Class com.google.common.io.ByteStreams$LimitedInputStream                             : loaded 2 times (x 92B)
Class org.objectweb.asm.MethodWriter                                                  : loaded 2 times (x 106B)
Class org.gradle.tooling.model.ProjectModel                                           : loaded 2 times (x 70B)
Class com.google.common.collect.MultimapBuilder$MultimapBuilderWithKeys$4             : loaded 2 times (x 76B)
Class com.google.common.collect.ImmutableSetMultimap$Builder                          : loaded 2 times (x 83B)
Class org.gradle.internal.time.DefaultCountdownTimer                                  : loaded 2 times (x 88B)
Class com.google.common.collect.AbstractMapBasedMultimap$RandomAccessWrappedList      : loaded 2 times (x 205B)
Class kotlin.jvm.functions.Function13                                                 : loaded 2 times (x 70B)
Class com.android.builder.model.v2.models.ProjectSyncIssues                           : loaded 2 times (x 70B)
Class kotlin.collections.IndexingIterable                                             : loaded 2 times (x 79B)
Class com.google.common.collect.FluentIterable$3                                      : loaded 2 times (x 81B)
Class org.gradle.tooling.internal.adapter.ProtocolToModelAdapter$PropertyCachingMethodInvoker: loaded 2 times (x 76B)
Class com.android.ide.common.repository.AgpVersion                                    : loaded 2 times (x 75B)
Class com.android.builder.model.v2.CustomSourceDirectory                              : loaded 2 times (x 70B)
Class com.google.common.reflect.Reflection                                            : loaded 2 times (x 71B)
Class kotlin.reflect.jvm.internal.ClassValueCache                                     : loaded 2 times (x 74B)
Class sync_studio_tooling5_6vqrzm928kr302ss1nvaynrww                                  : loaded 2 times (x 171B)
Class com.android.ide.common.gradle.Version$Companion$ParseState$EMPTY                : loaded 2 times (x 74B)
Class kotlin.ranges.OpenEndRange                                                      : loaded 2 times (x 70B)
Class com.google.common.collect.MultimapBuilder$MultimapBuilderWithKeys$5             : loaded 2 times (x 78B)
Class com.google.common.collect.FluentIterable$2                                      : loaded 2 times (x 81B)
Class org.gradle.api.internal.classpath.DefaultModuleRegistry$DefaultModule           : loaded 2 times (x 86B)
Class org.gradle.tooling.internal.adapter.ProtocolToModelAdapter$ViewKey              : loaded 2 times (x 72B)
Class org.objectweb.asm.FieldVisitor                                                  : loaded 2 times (x 77B)
Class com.google.common.collect.AbstractIterator$State                                : loaded 2 times (x 79B)
Class kotlin.reflect.jvm.internal.impl.builtins.StandardNames$FqNames                 : loaded 2 times (x 71B)
Class kotlin.jvm.functions.Function14                                                 : loaded 2 times (x 70B)
Class com.google.common.collect.AbstractMapBasedMultimap$Itr                          : loaded 2 times (x 83B)
Class com.squareup.javapoet.JavaFile$Builder                                          : loaded 2 times (x 72B)
Class kotlin.collections.builders.ListBuilderKt                                       : loaded 2 times (x 71B)
Class com.google.common.collect.FluentIterable$1                                      : loaded 2 times (x 81B)
Class org.gradle.internal.classloader.ClasspathUtil$1                                 : loaded 2 times (x 76B)
Class com.google.common.reflect.Types$JavaVersion$1                                   : loaded 2 times (x 83B)
Class com.android.ide.common.repository.AgpVersion$Companion$WhenMappings             : loaded 2 times (x 71B)
Class org.gradle.tooling.model.idea.IdeaLanguageLevel                                 : loaded 2 times (x 70B)
Class org.gradle.tooling.internal.adapter.ProtocolToModelAdapter$SafeMethodInvoker    : loaded 2 times (x 76B)
Class org.gradle.tooling.internal.adapter.WeakIdentityHashMap$WeakKey                 : loaded 2 times (x 79B)
Class org.gradle.internal.exceptions.DefaultMultiCauseException                       : loaded 2 times (x 95B)
Class com.google.common.collect.MultimapBuilder$MultimapBuilderWithKeys$6             : loaded 2 times (x 76B)
Class com.google.common.collect.FluentIterable$3$1                                    : loaded 2 times (x 98B)
Class org.gradle.internal.time.DefaultTimer                                           : loaded 2 times (x 80B)
Class kotlin.jvm.functions.Function15                                                 : loaded 2 times (x 70B)
Class org.objectweb.asm.ClassWriter                                                   : loaded 2 times (x 106B)
Class com.android.ide.common.gradle.Separator                                         : loaded 2 times (x 79B)
Class com.android.builder.model.v2.ide.AndroidGradlePluginProjectFlags$BooleanFlag    : loaded 2 times (x 79B)
Class kotlin.reflect.jvm.internal.ReflectionFactoryImpl                               : loaded 2 times (x 91B)
Class com.google.common.collect.ImmutableBiMap$Builder                                : loaded 2 times (x 82B)
Class com.google.common.collect.HashMultimapGwtSerializationDependencies              : loaded 2 times (x 174B)
Class kotlin.DeprecationLevel                                                         : loaded 2 times (x 79B)
Class com.google.common.reflect.Types$JavaVersion$2                                   : loaded 2 times (x 83B)
Class com.google.common.reflect.Types                                                 : loaded 2 times (x 71B)
Class com.google.common.hash.PrimitiveSink                                            : loaded 2 times (x 70B)
Class com.android.builder.model.v2.ide.ProjectInfo                                    : loaded 2 times (x 70B)
Class com.google.common.base.PatternCompiler                                          : loaded 2 times (x 70B)
Class com.google.common.util.concurrent.AbstractFuture$Failure                        : loaded 2 times (x 72B)
Class kotlin.collections.ArrayDeque$Companion                                         : loaded 2 times (x 71B)
Class org.gradle.tooling.model.HierarchicalElement                                    : loaded 2 times (x 70B)
Class com.google.common.collect.HashMultiset                                          : loaded 2 times (x 163B)
Class org.gradle.internal.InternalTransformer                                         : loaded 2 times (x 70B)
Class org.gradle.tooling.internal.adapter.ProtocolToModelAdapter                      : loaded 2 times (x 80B)
Class org.gradle.kotlin.dsl.VersionCatalogAccessorsKt                                 : loaded 2 times (x 71B)
Class [Lcom.squareup.javapoet.TypeSpec$Kind;                                          : loaded 2 times (x 69B)
Class com.android.builder.model.v2.ide.LibraryType                                    : loaded 2 times (x 79B)
Class [Lcom.android.builder.model.v2.ide.LibraryType;                                 : loaded 2 times (x 69B)
Class kotlin.jvm.functions.Function16                                                 : loaded 2 times (x 70B)
Class kotlin.reflect.jvm.internal.CacheByClassKt                                      : loaded 2 times (x 71B)
Class com.google.common.io.ByteSink$AsCharSink                                        : loaded 2 times (x 80B)
Class kotlin.reflect.jvm.internal.KMutableProperty1Impl                               : loaded 2 times (x 135B)
Class kotlin.LazyKt                                                                   : loaded 2 times (x 71B)
Class org.gradle.tooling.internal.adapter.CollectionMapper                            : loaded 2 times (x 73B)
Class org.gradle.tooling.model.kotlin.dsl.KotlinDslScriptModel                        : loaded 2 times (x 70B)
Class com.google.common.util.concurrent.AbstractFuture$Trusted                        : loaded 2 times (x 70B)
Class com.squareup.javapoet.TypeSpec$Kind                                             : loaded 2 times (x 79B)
Class kotlin.io.FilesKt__FilePathComponentsKt                                         : loaded 2 times (x 71B)
Class kotlin.io.TerminateException                                                    : loaded 2 times (x 82B)
Class com.android.builder.model.v2.ide.CodeShrinker                                   : loaded 2 times (x 79B)
Class com.squareup.javapoet.CodeWriter                                                : loaded 2 times (x 72B)
Class kotlin.reflect.jvm.internal.CacheByClass                                        : loaded 2 times (x 73B)
Class kotlin.reflect.jvm.internal.impl.utils.CollectionsKt                            : loaded 2 times (x 71B)
Class com.google.common.io.CharSink                                                   : loaded 2 times (x 79B)
Class com.google.common.reflect.Types$JavaVersion$3                                   : loaded 2 times (x 83B)
Class com.android.builder.model.v2.dsl.DependenciesInfo                               : loaded 2 times (x 70B)
Class org.objectweb.asm.Label                                                         : loaded 2 times (x 73B)
Class org.objectweb.asm.CurrentFrame                                                  : loaded 2 times (x 73B)
Class org.objectweb.asm.ClassTooLargeException                                        : loaded 2 times (x 83B)
Class org.gradle.internal.time.Time                                                   : loaded 2 times (x 71B)
Class kotlin.streams.jdk8.StreamsKt                                                   : loaded 2 times (x 71B)
Class com.google.common.collect.SortedIterables                                       : loaded 2 times (x 71B)
Class com.google.common.collect.Table                                                 : loaded 2 times (x 70B)
Class com.android.builder.model.v2.ide.BytecodeTransformation                         : loaded 2 times (x 79B)
Class com.google.common.reflect.TypeToken$SimpleTypeToken                             : loaded 2 times (x 73B)
Class com.google.common.io.ByteSource$ByteArrayByteSource                             : loaded 2 times (x 85B)
Class com.google.common.io.CharSource$StringCharSource                                : loaded 2 times (x 86B)
Class kotlin.jvm.functions.Function17                                                 : loaded 2 times (x 70B)
Class com.squareup.javapoet.CodeWriter$Multiset                                       : loaded 2 times (x 72B)
Class kotlin.reflect.KProperty2                                                       : loaded 2 times (x 70B)
Class org.gradle.tooling.model.UnsupportedMethodException                             : loaded 2 times (x 82B)
Class org.gradle.tooling.internal.adapter.ProtocolToModelAdapter$SupportedPropertyInvoker: loaded 2 times (x 76B)
Class kotlin.sequences.TransformingSequence$iterator$1                                : loaded 2 times (x 79B)
Class com.google.common.collect.HashBiMap$BiEntry                                     : loaded 2 times (x 83B)
Class kotlin.reflect.KClass                                                           : loaded 2 times (x 70B)
Class kotlin.reflect.KProperty1                                                       : loaded 2 times (x 70B)
Class com.google.common.collect.Iterators$ConcatenatedIterator                        : loaded 2 times (x 82B)
Class com.google.common.io.ByteSource$AsCharSource                                    : loaded 2 times (x 86B)
Class com.google.common.reflect.Types$JavaVersion$4                                   : loaded 2 times (x 83B)
Class com.android.builder.model.v2.models.ProjectGraph                                : loaded 2 times (x 70B)
Class com.android.ide.common.gradle.Version$Companion$ParseState$NUMERIC              : loaded 2 times (x 74B)
Class org.gradle.internal.service.ServiceLocator                                      : loaded 2 times (x 70B)
Class org.objectweb.asm.Frame                                                         : loaded 2 times (x 73B)
Class org.objectweb.asm.MethodVisitor                                                 : loaded 2 times (x 105B)
Class com.android.ide.common.repository.AgpVersion$PreviewKind                        : loaded 2 times (x 79B)
Class [Lorg.objectweb.asm.Type;                                                       : loaded 2 times (x 69B)
Class kotlin.jvm.functions.Function18                                                 : loaded 2 times (x 70B)
Class com.android.builder.model.v2.ide.TestInfo$Execution                             : loaded 2 times (x 79B)
Class kotlin.reflect.jvm.internal.CachesKt                                            : loaded 2 times (x 71B)
Class [Lorg.objectweb.asm.Attribute;                                                  : loaded 2 times (x 69B)
Class kotlin.reflect.KProperty0                                                       : loaded 2 times (x 70B)
Class kotlin.comparisons.ComparisonsKt___ComparisonsJvmKt                             : loaded 2 times (x 71B)
Class org.apache.commons.io.output.ByteArrayOutputStream                              : loaded 2 times (x 102B)
Class com.google.common.reflect.TypeResolver$TypeVariableKey                          : loaded 2 times (x 72B)
Class kotlin.reflect.jvm.internal.impl.name.StandardClassIdsKt                        : loaded 2 times (x 71B)
Class kotlin.reflect.jvm.internal.impl.name.FqNamesUtilKt                             : loaded 2 times (x 71B)
Class com.google.common.reflect.Types$JavaVersion$5                                   : loaded 2 times (x 71B)
Class [Lcom.google.common.reflect.Types$ClassOwnership;                               : loaded 2 times (x 69B)
Class com.squareup.javapoet.TypeSpec$Builder                                          : loaded 2 times (x 72B)
Class org.gradle.api.internal.classpath.GlobalCacheRootsProvider                      : loaded 2 times (x 70B)
Class com.google.common.collect.ImmutableMapEntry$NonTerminalImmutableBiMapEntry      : loaded 2 times (x 85B)
Class kotlin.collections.builders.ListBuilder                                         : loaded 2 times (x 207B)
Class kotlin.collections.builders.ListBuilder$Companion                               : loaded 2 times (x 71B)
Class kotlin.reflect.KMutableProperty$Setter                                          : loaded 2 times (x 70B)
Class org.apache.commons.io.output.UnsynchronizedByteArrayOutputStream                : loaded 2 times (x 102B)
Class com.google.common.reflect.Types$ParameterizedTypeImpl                           : loaded 2 times (x 81B)
Class kotlin.jvm.functions.Function19                                                 : loaded 2 times (x 70B)
Class kotlin.Lazy                                                                     : loaded 2 times (x 70B)
Class dagger.hilt.processor.internal.root.ir.InvalidRootsException                    : loaded 2 times (x 82B)
Class kotlin.reflect.jvm.internal.impl.name.StandardClassIds                          : loaded 2 times (x 71B)
Class [Lkotlin.annotation.AnnotationTarget;                                           : loaded 2 times (x 69B)
Class com.google.common.collect.Maps$IteratorBasedAbstractMap$1                       : loaded 2 times (x 138B)
Class com.google.common.collect.LinkedHashMultimap$ValueSet                           : loaded 2 times (x 142B)
Class org.gradle.internal.classloader.InstrumentingClassLoader                        : loaded 2 times (x 70B)
Class org.gradle.internal.classpath.TransformedClassPath                              : loaded 2 times (x 96B)
Class org.objectweb.asm.FieldWriter                                                   : loaded 2 times (x 78B)
Class com.google.common.reflect.Invokable                                             : loaded 2 times (x 103B)
Class kotlin._Assertions                                                              : loaded 2 times (x 71B)
Class com.google.common.collect.ComparisonChain$1                                     : loaded 2 times (x 81B)
Class com.android.builder.model.v2.dsl.ClassField                                     : loaded 2 times (x 70B)
Class com.google.common.collect.CollectCollectors                                     : loaded 2 times (x 71B)
Class org.objectweb.asm.ModuleWriter                                                  : loaded 2 times (x 82B)
Class org.gradle.tooling.model.BuildIdentifier                                        : loaded 2 times (x 70B)
Class com.google.common.collect.MultimapBuilder$1                                     : loaded 2 times (x 83B)
Class com.android.builder.model.v2.ide.AbstractArtifact                               : loaded 2 times (x 70B)
Class com.google.common.io.ByteStreams                                                : loaded 2 times (x 71B)
Class kotlin.reflect.KTypeParameter                                                   : loaded 2 times (x 70B)
Class com.google.common.collect.TransformedIterator                                   : loaded 2 times (x 80B)
Class com.google.common.base.CaseFormat$5                                             : loaded 2 times (x 83B)
Class [Lcom.google.common.collect.Maps$EntryFunction;                                 : loaded 2 times (x 69B)
Class com.google.common.collect.AbstractMultiset                                      : loaded 2 times (x 159B)
Class com.google.common.base.Splitter$1                                               : loaded 2 times (x 77B)
Class org.gradle.tooling.model.Dependency                                             : loaded 2 times (x 70B)
Class com.android.builder.model.v2.ide.VectorDrawablesOptions                         : loaded 2 times (x 70B)
Class Settings_gradle$1$1$1                                                           : loaded 2 times (x 75B)
Class com.google.common.collect.MultimapBuilder$2                                     : loaded 2 times (x 83B)
Class com.google.common.collect.MultimapBuilder$MultimapBuilderWithKeys               : loaded 2 times (x 82B)
Class org.gradle.api.JavaVersion                                                      : loaded 2 times (x 79B)
Class com.google.common.util.concurrent.SettableFuture                                : loaded 2 times (x 114B)
Class com.squareup.javapoet.AnnotationSpec                                            : loaded 2 times (x 72B)
Class com.squareup.javapoet.CodeBlock                                                 : loaded 2 times (x 72B)
Class org.apache.commons.io.output.QueueOutputStream                                  : loaded 2 times (x 87B)
Class com.google.common.reflect.Types$ClassOwnership$3                                : loaded 2 times (x 71B)
Class kotlin.collections.MapWithDefault                                               : loaded 2 times (x 70B)
Class kotlin.jvm.functions.Function22                                                 : loaded 2 times (x 70B)
Class kotlin.annotation.AnnotationRetention                                           : loaded 2 times (x 79B)
Class com.google.common.io.ByteStreams$1                                              : loaded 2 times (x 85B)
Class com.android.builder.model.v2.ide.Edge                                           : loaded 2 times (x 70B)
Class com.android.builder.model.v2.models.VariantDependenciesFlatList                 : loaded 2 times (x 70B)
Class org.gradle.tooling.model.build.JavaEnvironment                                  : loaded 2 times (x 70B)
Class com.google.common.collect.MultimapBuilder$3                                     : loaded 2 times (x 84B)
Class com.google.common.collect.EmptyImmutableSetMultimap                             : loaded 2 times (x 180B)
Class com.google.common.collect.HashMultimap                                          : loaded 2 times (x 174B)
Class [Lkotlin.reflect.KProperty;                                                     : loaded 2 times (x 69B)
Class com.google.common.base.CaseFormat$4                                             : loaded 2 times (x 83B)
Class com.google.common.collect.Collections2$FilteredCollection                       : loaded 2 times (x 119B)
Class org.objectweb.asm.ModuleVisitor                                                 : loaded 2 times (x 81B)
Class com.google.common.reflect.TypeResolver                                          : loaded 2 times (x 72B)
Class com.google.common.reflect.Types$ClassOwnership$2                                : loaded 2 times (x 80B)
Class com.google.common.io.ByteArrayDataInput                                         : loaded 2 times (x 70B)
Class kotlin.reflect.jvm.internal.impl.name.ClassId                                   : loaded 2 times (x 72B)
Class sync_studio_tooling2_1fiap8kv7r39zt200g3sxn6en$_run_closure1                    : loaded 2 times (x 139B)
Class kotlin.jvm.functions.Function21                                                 : loaded 2 times (x 70B)
Class com.android.builder.model.v2.ide.SourceSetContainer                             : loaded 2 times (x 70B)
Class org.apache.commons.io.output.AppendableWriter                                   : loaded 2 times (x 100B)
Class org.gradle.internal.time.Timer                                                  : loaded 2 times (x 70B)
Class org.gradle.internal.installation.CurrentGradleInstallationLocator               : loaded 2 times (x 71B)
Class com.google.common.collect.MultimapBuilder$4                                     : loaded 2 times (x 84B)
Class com.google.common.collect.Multisets$EntrySet                                    : loaded 2 times (x 136B)
Class com.google.common.base.CaseFormat$3                                             : loaded 2 times (x 83B)
Class [Lcom.google.common.collect.LinkedHashMultimap$ValueEntry;                      : loaded 2 times (x 69B)
Class org.gradle.internal.service.UnknownServiceException                             : loaded 2 times (x 83B)
Class kotlin.collections.CollectionsKt___CollectionsKt$asSequence$$inlined$Sequence$1 : loaded 2 times (x 75B)
Class [Lorg.objectweb.asm.AnnotationVisitor;                                          : loaded 2 times (x 69B)
Class com.google.common.reflect.Types$ClassOwnership$1                                : loaded 2 times (x 80B)
Class sync_studio_tooling2_1fiap8kv7r39zt200g3sxn6en                                  : loaded 2 times (x 171B)
Class kotlin.jvm.functions.Function20                                                 : loaded 2 times (x 70B)
Class com.google.common.base.CaseFormat$2                                             : loaded 2 times (x 83B)
Class org.gradle.api.internal.ClassPathProvider                                       : loaded 2 times (x 70B)
Class [Lorg.gradle.api.internal.ClassPathProvider;                                    : loaded 2 times (x 69B)
Class org.objectweb.asm.ClassReader                                                   : loaded 2 times (x 94B)
Class com.google.common.io.ByteSource$SlicedByteSource                                : loaded 2 times (x 85B)
Class com.android.builder.model.v2.ide.LintOptions                                    : loaded 2 times (x 70B)
Class org.apache.commons.io.output.ThresholdingOutputStream                           : loaded 2 times (x 95B)
Class org.gradle.tooling.internal.adapter.ProtocolToModelAdapter$ViewGraphDetails     : loaded 2 times (x 72B)
Class org.gradle.tooling.model.idea.IdeaProject                                       : loaded 2 times (x 70B)
Class org.gradle.tooling.model.DomainObjectSet                                        : loaded 2 times (x 70B)
Class org.gradle.internal.service.DefaultServiceLocator                               : loaded 2 times (x 83B)
Class org.gradle.tooling.ToolingModelContract                                         : loaded 2 times (x 70B)
Class kotlin.text.MatchResult                                                         : loaded 2 times (x 70B)
Class com.google.common.collect.Maps$EntrySet                                         : loaded 2 times (x 136B)
Class com.android.builder.model.v2.models.BasicAndroidProject                         : loaded 2 times (x 70B)
Class kotlin.reflect.KMutableProperty0                                                : loaded 2 times (x 70B)
Class kotlin.reflect.KClassifier                                                      : loaded 2 times (x 70B)
Class com.google.common.io.CharSource$ConcatenatedCharSource                          : loaded 2 times (x 86B)
Class kotlin.reflect.jvm.internal.impl.builtins.jvm.JavaToKotlinClassMap$PlatformMutabilityMapping: loaded 2 times (x 72B)
Class com.google.common.base.CaseFormat$1                                             : loaded 2 times (x 83B)
Class com.google.common.collect.LinkedHashMultimapGwtSerializationDependencies        : loaded 2 times (x 174B)
Class com.google.common.collect.Maps$ViewCachingAbstractMap                           : loaded 2 times (x 125B)
Class [Lcom.google.common.base.Function;                                              : loaded 2 times (x 69B)
Class org.gradle.api.internal.DefaultClassPathProvider                                : loaded 2 times (x 76B)
Class org.objectweb.asm.AnnotationVisitor                                             : loaded 2 times (x 78B)
Class com.android.ide.common.gradle.Numeric                                           : loaded 2 times (x 77B)
Class com.google.common.collect.ImmutableSet$SerializedForm                           : loaded 2 times (x 73B)
Class [Lkotlin.reflect.KCallable;                                                     : loaded 2 times (x 69B)
Class kotlin.reflect.KProperty$Accessor                                               : loaded 2 times (x 70B)
Class kotlin.reflect.jvm.internal.KCallableImpl                                       : loaded 2 times (x 105B)
Class com.android.builder.model.v2.ide.BasicArtifact                                  : loaded 2 times (x 70B)
Class com.google.common.collect.ComparisonChain$InactiveComparisonChain               : loaded 2 times (x 80B)
Class org.gradle.util.GradleVersion                                                   : loaded 2 times (x 79B)
Class org.gradle.internal.installation.CurrentGradleInstallation                      : loaded 2 times (x 73B)
Class com.google.common.collect.Iterators$EmptyModifiableIterator                     : loaded 2 times (x 86B)
Class com.google.common.base.Splitter                                                 : loaded 2 times (x 72B)
Class org.gradle.tooling.internal.gradle.DefaultProjectIdentifier                     : loaded 2 times (x 86B)
Class org.apache.commons.io.output.StringBuilderWriter                                : loaded 2 times (x 100B)
Class kotlin.reflect.KMutableProperty1                                                : loaded 2 times (x 70B)
Class [Lorg.apache.commons.io.StandardLineSeparator;                                  : loaded 2 times (x 69B)
Class com.android.builder.model.v2.models.AndroidDsl                                  : loaded 2 times (x 70B)
Class org.gradle.api.internal.classpath.EffectiveClassPath                            : loaded 2 times (x 90B)
Class kotlin.sequences.SequencesKt___SequencesKt$flatMap$2                            : loaded 2 times (x 125B)
Class [Lcom.android.ide.common.repository.AgpVersion$PreviewKind;                     : loaded 2 times (x 69B)
Class com.google.common.base.Enums$StringConverter                                    : loaded 2 times (x 90B)
Class [Ldagger.hilt.processor.internal.optionvalues.GradleProjectType;                : loaded 2 times (x 69B)
Class com.squareup.javapoet.LineWrapper$RecordingAppendable                           : loaded 2 times (x 77B)
Class kotlin.reflect.jvm.internal.KProperty1Impl                                      : loaded 2 times (x 128B)
Class com.google.common.collect.Maps$FilteredEntryMap                                 : loaded 2 times (x 128B)
Class kotlin.jvm.internal.Ref$BooleanRef                                              : loaded 2 times (x 71B)
Class kotlin.jvm.internal.StringCompanionObject                                       : loaded 2 times (x 71B)
Class org.gradle.tooling.internal.adapter.ProtocolToModelAdapter$MethodInvocationCache$MethodInvocationKey: loaded 2 times (x 73B)
Class org.gradle.util.internal.GUtil                                                  : loaded 2 times (x 71B)
Class org.gradle.internal.classloader.ClassLoaderVisitor                              : loaded 2 times (x 76B)
Class kotlin.reflect.KMutableProperty2                                                : loaded 2 times (x 70B)
Class kotlin.text.MatcherMatchResult$groupValues$1                                    : loaded 2 times (x 198B)
Class sync_studio_tooling_36ptr2nf1ucg2psxastdfsy1x$_run_closure1                     : loaded 2 times (x 139B)
Class com.google.common.io.ByteSource$ConcatenatedByteSource                          : loaded 2 times (x 85B)
Class [Lcom.google.common.collect.AbstractIterator$State;                             : loaded 2 times (x 69B)
Class com.google.common.base.CharMatcher$None                                         : loaded 2 times (x 112B)
Class org.gradle.internal.classloader.DefaultClassLoaderFactory                       : loaded 2 times (x 82B)
Class org.objectweb.asm.MethodTooLargeException                                       : loaded 2 times (x 83B)
Class com.google.common.base.Platform$JdkPatternCompiler                              : loaded 2 times (x 75B)
Class [Lkotlin.reflect.KClass;                                                        : loaded 2 times (x 69B)
Class kotlin.reflect.jvm.internal.impl.name.FqName                                    : loaded 2 times (x 72B)
Class org.gradle.internal.operations.MultipleBuildOperationFailures                   : loaded 2 times (x 95B)
Class org.gradle.tooling.internal.adapter.MethodInvocation                            : loaded 2 times (x 85B)
Class com.google.common.io.ByteSource                                                 : loaded 2 times (x 84B)
Class com.android.utils.StringHelper                                                  : loaded 2 times (x 71B)
Class kotlin.io.NoSuchFileException                                                   : loaded 2 times (x 82B)
Class kotlin.sequences.TransformingSequence                                           : loaded 2 times (x 75B)
Class org.objectweb.asm.ClassVisitor                                                  : loaded 2 times (x 88B)
Class kotlin.reflect.jvm.internal.RuntimeTypeMapper                                   : loaded 2 times (x 71B)
Class [Lorg.objectweb.asm.Symbol;                                                     : loaded 2 times (x 69B)
Class com.android.utils.FileUtils                                                     : loaded 2 times (x 71B)
Class com.android.builder.model.v2.ide.AaptOptions$Namespacing                        : loaded 2 times (x 79B)
Class com.google.common.reflect.TypeCapture                                           : loaded 2 times (x 71B)
Class kotlin.collections.builders.ListBuilder$Itr                                     : loaded 2 times (x 94B)
Class org.gradle.tooling.internal.adapter.TargetTypeProvider                          : loaded 2 times (x 70B)
Class org.objectweb.asm.Context                                                       : loaded 2 times (x 72B)
Class com.google.common.reflect.Types$TypeVariableImpl                                : loaded 2 times (x 72B)
Class com.android.builder.model.v2.dsl.BuildType                                      : loaded 2 times (x 70B)
Class kotlin.ranges.IntProgressionIterator                                            : loaded 2 times (x 82B)
Class org.gradle.tooling.internal.adapter.WeakIdentityHashMap                         : loaded 2 times (x 76B)
Class org.gradle.tooling.GradleConnectionException                                    : loaded 2 times (x 83B)
Class org.gradle.tooling.internal.adapter.ProtocolToModelAdapter$1                    : loaded 2 times (x 75B)
Class org.gradle.tooling.internal.adapter.ProtocolToModelAdapter$ViewDecoration       : loaded 2 times (x 70B)
Class org.gradle.internal.installation.GradleInstallation                             : loaded 2 times (x 75B)
Class com.google.common.base.Splitter$Strategy                                        : loaded 2 times (x 70B)
Class kotlin.ranges.IntProgression$Companion                                          : loaded 2 times (x 71B)
Class com.android.builder.model.v2.ide.AndroidArtifact                                : loaded 2 times (x 70B)
Class com.google.common.io.ByteArrayDataOutput                                        : loaded 2 times (x 70B)
Class com.squareup.javapoet.ClassName                                                 : loaded 2 times (x 84B)
Class kotlin.jvm.internal.MutablePropertyReference2                                   : loaded 2 times (x 137B)
Class kotlin.reflect.jvm.internal.ReflectProperties$Val                               : loaded 2 times (x 74B)
Class com.google.common.collect.ImmutableListMultimap$Builder                         : loaded 2 times (x 83B)
Class kotlin.collections.builders.MapBuilder                                          : loaded 2 times (x 112B)
Class org.gradle.api.internal.classpath.ManifestUtil                                  : loaded 2 times (x 71B)
Class org.gradle.tooling.internal.adapter.ProtocolToModelAdapter$InvocationHandlerImpl: loaded 2 times (x 77B)
Class org.gradle.tooling.model.build.GradleEnvironment                                : loaded 2 times (x 70B)
Class org.gradle.tooling.internal.adapter.MethodInvoker                               : loaded 2 times (x 70B)
Class com.android.builder.model.v2.models.VariantDependenciesAdjacencyList            : loaded 2 times (x 70B)
Class kotlin.jvm.internal.MutablePropertyReference1                                   : loaded 2 times (x 137B)
Class kotlin.jvm.internal.PropertyReference1Impl                                      : loaded 2 times (x 127B)
Class kotlin.SafePublicationLazyImpl$Companion                                        : loaded 2 times (x 71B)
Class com.google.common.collect.AbstractMultiset$EntrySet                             : loaded 2 times (x 138B)
Class org.gradle.internal.classloader.ClassLoaderHierarchy                            : loaded 2 times (x 70B)
Class kotlin.io.FilesKt__FileTreeWalkKt                                               : loaded 2 times (x 71B)
Class kotlin.sequences.FilteringSequence$iterator$1                                   : loaded 2 times (x 79B)
Class com.google.common.io.FileWriteMode                                              : loaded 2 times (x 79B)
Class kotlin.jvm.internal.MutablePropertyReference0                                   : loaded 2 times (x 137B)
Class kotlin.reflect.jvm.internal.impl.builtins.CompanionObjectMapping                : loaded 2 times (x 71B)
Class org.gradle.internal.classloader.FilteringClassLoader                            : loaded 2 times (x 105B)
Class kotlin.sequences.FlatteningSequence                                             : loaded 2 times (x 75B)
Class kotlin.text.MatcherMatchResult                                                  : loaded 2 times (x 80B)
Class kotlin.text.MatchGroupCollection                                                : loaded 2 times (x 70B)
Class com.android.ide.common.gradle.Part                                              : loaded 2 times (x 77B)
Class com.android.builder.model.v2.ide.ViewBindingOptions                             : loaded 2 times (x 70B)
Class kotlin.ranges.IntProgression                                                    : loaded 2 times (x 81B)
Class org.gradle.tooling.model.gradle.GradleScript                                    : loaded 2 times (x 70B)

---------------  S Y S T E M  ---------------

OS:
 Windows 11 , 64 bit Build 26100 (10.0.26100.7705)
OS uptime: 0 days 0:42 hours
Hyper-V role detected

CPU: total 12 (initial active 12) (12 cores per cpu, 2 threads per core) family 25 model 68 stepping 1 microcode 0xa404107, cx8, cmov, fxsr, ht, mmx, 3dnowpref, sse, sse2, sse3, ssse3, sse4a, sse4.1, sse4.2, popcnt, lzcnt, tsc, tscinvbit, avx, avx2, aes, erms, clmul, bmi1, bmi2, adx, sha, fma, vzeroupper, clflush, clflushopt, hv, rdtscp, rdpid, fsrm, f16c, cet_ss
Processor Information for processor 0
  Max Mhz: 3301, Current Mhz: 2635, Mhz Limit: 3301
Processor Information for processor 1
  Max Mhz: 3301, Current Mhz: 3301, Mhz Limit: 3301
Processor Information for processor 2
  Max Mhz: 3301, Current Mhz: 3301, Mhz Limit: 3301
Processor Information for processor 3
  Max Mhz: 3301, Current Mhz: 2635, Mhz Limit: 3301
Processor Information for processor 4
  Max Mhz: 3301, Current Mhz: 3301, Mhz Limit: 3301
Processor Information for processor 5
  Max Mhz: 3301, Current Mhz: 2635, Mhz Limit: 3301
Processor Information for processor 6
  Max Mhz: 3301, Current Mhz: 3301, Mhz Limit: 3301
Processor Information for processor 7
  Max Mhz: 3301, Current Mhz: 2635, Mhz Limit: 3301
Processor Information for processor 8
  Max Mhz: 3301, Current Mhz: 3301, Mhz Limit: 3301
Processor Information for processor 9
  Max Mhz: 3301, Current Mhz: 2635, Mhz Limit: 3301
Processor Information for processor 10
  Max Mhz: 3301, Current Mhz: 2635, Mhz Limit: 3301
Processor Information for processor 11
  Max Mhz: 3301, Current Mhz: 2635, Mhz Limit: 3301

Memory: 4k page, system-wide physical 7381M (1070M free)
TotalPageFile size 22375M (AvailPageFile size 156M)
current process WorkingSet (physical memory assigned to process): 1189M, peak: 1196M
current process commit charge ("private bytes"): 1388M, peak: 1709M

vm_info: OpenJDK 64-Bit Server VM (21.0.8+-14196175-b1038.72) for windows-amd64 JRE (21.0.8+-14196175-b1038.72), built on 2025-10-01T10:24:33Z by "builder" with MS VC++ 16.10 / 16.11 (VS2019)

END.
